source_id,phot_g_mean_mag,bp_rp,teff_gspphot,target_id,target_ra,target_dec,target_parallax,target_pm_ra,target_pm_dec,target_radial_velocity,epoch,target_separation (deg)
3322962496942145664,13.433729,1.593091,,Betelgeuse,88.792938991,7.407063995,6.55,27.54,11.3,21.91,2000,0.010589935180258182
3322962565659924352,17.875948,2.1672792,,Betelgeuse,88.792938991,7.407063995,6.55,27.54,11.3,21.91,2000,0.01359760070862376
3322962496943774592,14.895775,1.3057928,,Betelgeuse,88.792938991,7.407063995,6.55,27.54,11.3,21.91,2000,0.015279683948802608
3322962668739137152,17.613653,1.9054537,,Betelgeuse,88.792938991,7.407063995,6.55,27.54,11.3,21.91,2000,0.01624636701673724
3322962600023256704,18.31668,1.9512177,,Betelgeuse,88.792938991,7.407063995,6.55,27.54,11.3,21.91,2000,0.017069988611765487
3322962256425942400,18.731253,2.549037,,Betelgeuse,88.792938991,7.407063995,6.55,27.54,11.3,21.91,2000,0.017352715526048633
3322963321574172800,18.28542,2.055091,,Betelgeuse,88.792938991,7.407063995,6.55,27.54,11.3,21.91,2000,0.017831828306026754
3322963287214444928,14.442261,0.9741974,6691.998,Betelgeuse,88.792938991,7.407063995,6.55,27.54,11.3,21.91,2000,0.01796888118774897
3322962153343083520,19.096828,2.134058,,Betelgeuse,88.792938991,7.407063995,6.55,27.54,11.3,21.91,2000,0.01852571156963062
3322962496944080000,20.262772,2.3470058,,Betelgeuse,88.792938991,7.407063995,6.55,27.54,11.3,21.91,2000,0.01903768781599204
3322962668742736768,19.320162,2.4879265,,Betelgeuse,88.792938991,7.407063995,6.55,27.54,11.3,21.91,2000,0.01922068861505821
3322962256422296960,14.83569,1.3118181,,Betelgeuse,88.792938991,7.407063995,6.55,27.54,11.3,21.91,2000,0.019314066843853124
3322963321574168064,13.048707,1.0378456,5167.0996,Betelgeuse,88.792938991,7.407063995,6.55,27.54,11.3,21.91,2000,0.019930644116755637
3322963321577774208,17.925035,,,Betelgeuse,88.792938991,7.407063995,6.55,27.54,11.3,21.91,2000,0.020378356176749823
3322963287214446592,19.740297,3.0976562,,Betelgeuse,88.792938991,7.407063995,6.55,27.54,11.3,21.91,2000,0.02054737024727662
3322962600021511424,20.474377,2.2448578,,Betelgeuse,88.792938991,7.407063995,6.55,27.54,11.3,21.91,2000,0.02091111811326739
3322962256426391552,20.831789,1.7909374,,Betelgeuse,88.792938991,7.407063995,6.55,27.54,11.3,21.91,2000,0.021288973648856097
3322963287219036928,20.161469,1.9341908,,Betelgeuse,88.792938991,7.407063995,6.55,27.54,11.3,21.91,2000,0.021497040192814804
3322963321578775424,20.249825,-0.4478302,,Betelgeuse,88.792938991,7.407063995,6.55,27.54,11.3,21.91,2000,0.021825196140136567
3322963321577494528,19.032528,2.6183224,,Betelgeuse,88.792938991,7.407063995,6.55,27.54,11.3,21.91,2000,0.022499964487398123
3322963321574166912,19.838171,,,Betelgeuse,88.792938991,7.407063995,6.55,27.54,11.3,21.91,2000,0.02270793330942687
3322962256424126592,20.57324,2.5517006,,Betelgeuse,88.792938991,7.407063995,6.55,27.54,11.3,21.91,2000,0.02275412102182026
3322962153343086976,19.097927,1.5173893,,Betelgeuse,88.792938991,7.407063995,6.55,27.54,11.3,21.91,2000,0.022959162005050878
3322962084625312640,16.820019,1.4250622,,Betelgeuse,88.792938991,7.407063995,6.55,27.54,11.3,21.91,2000,0.023049339353818515
3322962153343084288,18.972803,1.4039917,3857.2832,Betelgeuse,88.792938991,7.407063995,6.55,27.54,11.3,21.91,2000,0.023191140737608938
3322961878466880512,19.473755,1.7633095,,Betelgeuse,88.792938991,7.407063995,6.55,27.54,11.3,21.91,2000,0.02337595919737791
3322962290782017792,19.47952,1.506855,,Betelgeuse,88.792938991,7.407063995,6.55,27.54,11.3,21.91,2000,0.023399448281781317
3322963287214448768,18.98085,1.9642582,,Betelgeuse,88.792938991,7.407063995,6.55,27.54,11.3,21.91,2000,0.023444996090198907
3322962153344788224,19.864786,1.3796539,,Betelgeuse,88.792938991,7.407063995,6.55,27.54,11.3,21.91,2000,0.023480270397784355
3322962084623609984,19.544882,1.8170586,,Betelgeuse,88.792938991,7.407063995,6.55,27.54,11.3,21.91,2000,0.023618028662721714
3322963287217767424,15.551106,1.0559397,6109.977,Betelgeuse,88.792938991,7.407063995,6.55,27.54,11.3,21.91,2000,0.023627894324239854
3322962600021511680,20.143373,1.6007404,,Betelgeuse,88.792938991,7.407063995,6.55,27.54,11.3,21.91,2000,0.023831767735126432
3322963424655074944,20.844248,1.1745605,,Betelgeuse,88.792938991,7.407063995,6.55,27.54,11.3,21.91,2000,0.02418224505159136
3322962290782023168,19.833023,2.4430447,,Betelgeuse,88.792938991,7.407063995,6.55,27.54,11.3,21.91,2000,0.024308806468399235
3322962668739132288,16.984291,1.9534492,,Betelgeuse,88.792938991,7.407063995,6.55,27.54,11.3,21.91,2000,0.02446388332559346
3322962084625312512,17.798182,0.84921265,4414.5312,Betelgeuse,88.792938991,7.407063995,6.55,27.54,11.3,21.91,2000,0.024681159712063746
3322962084623610496,17.27538,1.8687344,3696.1208,Betelgeuse,88.792938991,7.407063995,6.55,27.54,11.3,21.91,2000,0.02543342895009431
3322962600022987136,17.086323,1.0222874,5283.519,Betelgeuse,88.792938991,7.407063995,6.55,27.54,11.3,21.91,2000,0.025651787948088776
3322962153343086848,16.443329,0.9853325,5014.87,Betelgeuse,88.792938991,7.407063995,6.55,27.54,11.3,21.91,2000,0.025730592632156907
3322963287217767168,19.705664,1.9199677,,Betelgeuse,88.792938991,7.407063995,6.55,27.54,11.3,21.91,2000,0.02573623919151612
3322962600019657856,18.1348,2.5603008,3634.0425,Betelgeuse,88.792938991,7.407063995,6.55,27.54,11.3,21.91,2000,0.025749160221670866
3322962256422297472,19.037373,0.7651329,,Betelgeuse,88.792938991,7.407063995,6.55,27.54,11.3,21.91,2000,0.025754318636415547
3322962668742463488,17.326231,2.0326366,,Betelgeuse,88.792938991,7.407063995,6.55,27.54,11.3,21.91,2000,0.02575474745714203
3322963287218014336,20.342228,0.9964409,,Betelgeuse,88.792938991,7.407063995,6.55,27.54,11.3,21.91,2000,0.02588257074037306
3322962290782018432,17.630945,1.0843735,4543.518,Betelgeuse,88.792938991,7.407063995,6.55,27.54,11.3,21.91,2000,0.0259014353959268
3322963321577494656,16.281729,1.2357817,,Betelgeuse,88.792938991,7.407063995,6.55,27.54,11.3,21.91,2000,0.02603009259149791
3322962256423997568,20.318687,0.8503647,,Betelgeuse,88.792938991,7.407063995,6.55,27.54,11.3,21.91,2000,0.026153424563082225
3322961878465177216,19.882973,1.2024269,,Betelgeuse,88.792938991,7.407063995,6.55,27.54,11.3,21.91,2000,0.026204064288167614
3322963321574167808,19.046417,0.49879646,,Betelgeuse,88.792938991,7.407063995,6.55,27.54,11.3,21.91,2000,0.026316859102302703
3322963287214444288,15.456783,0.99236965,6136.793,Betelgeuse,88.792938991,7.407063995,6.55,27.54,11.3,21.91,2000,0.02632774147217018
3322963424653379200,19.250196,0.61844444,,Betelgeuse,88.792938991,7.407063995,6.55,27.54,11.3,21.91,2000,0.02650594018194761
3322963321575885056,16.95347,1.5161791,,Betelgeuse,88.792938991,7.407063995,6.55,27.54,11.3,21.91,2000,0.02657341325611149
3322962084623611008,18.697945,1.7515297,,Betelgeuse,88.792938991,7.407063995,6.55,27.54,11.3,21.91,2000,0.026706528506718098
3322961878465176832,20.022987,1.8173122,,Betelgeuse,88.792938991,7.407063995,6.55,27.54,11.3,21.91,2000,0.026948682283878044
3322963424656708480,16.012466,0.90116024,5649.4146,Betelgeuse,88.792938991,7.407063995,6.55,27.54,11.3,21.91,2000,0.02717921792662918
3322962084623611520,18.471895,1.5944958,,Betelgeuse,88.792938991,7.407063995,6.55,27.54,11.3,21.91,2000,0.027493544545012263
3322962393861228544,19.167337,1.3796902,,Betelgeuse,88.792938991,7.407063995,6.55,27.54,11.3,21.91,2000,0.027914547254928118
3322962600021511168,20.360376,0.7600517,,Betelgeuse,88.792938991,7.407063995,6.55,27.54,11.3,21.91,2000,0.028024880891838685
3322963321576048640,20.67147,0.85334396,,Betelgeuse,88.792938991,7.407063995,6.55,27.54,11.3,21.91,2000,0.028231686577274137
3322962703101060608,20.387362,1.1857796,,Betelgeuse,88.792938991,7.407063995,6.55,27.54,11.3,21.91,2000,0.028323141092576675
3322963287216149888,20.112303,1.4076233,,Betelgeuse,88.792938991,7.407063995,6.55,27.54,11.3,21.91,2000,0.028358041006650556
3322962290783864192,20.53244,1.374073,,Betelgeuse,88.792938991,7.407063995,6.55,27.54,11.3,21.91,2000,0.028479396664807928
3322963287214444800,19.764656,0.07340813,,Betelgeuse,88.792938991,7.407063995,6.55,27.54,11.3,21.91,2000,0.028586263272124043
3322962153343089152,18.507101,2.1740398,4362.574,Betelgeuse,88.792938991,7.407063995,6.55,27.54,11.3,21.91,2000,0.029024547192637005
3322961878468494976,17.433218,1.3004017,4798.4854,Betelgeuse,88.792938991,7.407063995,6.55,27.54,11.3,21.91,2000,0.02931025315490764
3322962187702818688,17.577326,1.0054626,,Betelgeuse,88.792938991,7.407063995,6.55,27.54,11.3,21.91,2000,0.02951593137297833
3322963390295525760,16.396406,1.4362669,,Betelgeuse,88.792938991,7.407063995,6.55,27.54,11.3,21.91,2000,0.029625502283278492
3322962187704734208,19.881716,2.08321,,Betelgeuse,88.792938991,7.407063995,6.55,27.54,11.3,21.91,2000,0.029647300523814007
3322962222065867264,14.652297,1.1130829,5967.1157,Betelgeuse,88.792938991,7.407063995,6.55,27.54,11.3,21.91,2000,0.0298384516538735
3322962703100560768,18.648523,1.6469631,,Betelgeuse,88.792938991,7.407063995,6.55,27.54,11.3,21.91,2000,0.02985814008232591
3322961878465180416,18.737213,1.773735,,Betelgeuse,88.792938991,7.407063995,6.55,27.54,11.3,21.91,2000,0.030224319928228317
3322961878465175808,17.87121,0.4126873,,Betelgeuse,88.792938991,7.407063995,6.55,27.54,11.3,21.91,2000,0.03042556958633994
3322962634379391872,18.359388,1.8739929,,Betelgeuse,88.792938991,7.407063995,6.55,27.54,11.3,21.91,2000,0.030547581565392355
3322961878467004032,20.251106,1.149519,,Betelgeuse,88.792938991,7.407063995,6.55,27.54,11.3,21.91,2000,0.03070502170317374
3322963390297448832,19.925865,1.2576084,,Betelgeuse,88.792938991,7.407063995,6.55,27.54,11.3,21.91,2000,0.030927319124459406
3322962153343089664,17.064137,1.4011288,,Betelgeuse,88.792938991,7.407063995,6.55,27.54,11.3,21.91,2000,0.03112886982074742
3322961878469700352,19.848951,0.9905033,,Betelgeuse,88.792938991,7.407063995,6.55,27.54,11.3,21.91,2000,0.03123680563488947
3322962153346402688,17.426374,1.3572941,5300.747,Betelgeuse,88.792938991,7.407063995,6.55,27.54,11.3,21.91,2000,0.03145066873074835
3322962153343089536,15.851661,1.2480888,5050.4497,Betelgeuse,88.792938991,7.407063995,6.55,27.54,11.3,21.91,2000,0.03146074519337962
3322962634379389696,18.978697,1.2652969,,Betelgeuse,88.792938991,7.407063995,6.55,27.54,11.3,21.91,2000,0.0321891504014991
3322962909259262464,20.758604,0.82206345,,Betelgeuse,88.792938991,7.407063995,6.55,27.54,11.3,21.91,2000,0.03221019434090729
3322963459016445696,15.181709,0.85467815,7316.604,Betelgeuse,88.792938991,7.407063995,6.55,27.54,11.3,21.91,2000,0.032284485376113906
3322962393861225600,19.769133,0.69568443,,Betelgeuse,88.792938991,7.407063995,6.55,27.54,11.3,21.91,2000,0.03232980934722576
3322961878465181440,19.178205,1.100872,,Betelgeuse,88.792938991,7.407063995,6.55,27.54,11.3,21.91,2000,0.032465887216079126
3322962703101320704,20.490534,1.7981853,,Betelgeuse,88.792938991,7.407063995,6.55,27.54,11.3,21.91,2000,0.03301695502264897
3322962393862921984,20.956007,1.293253,,Betelgeuse,88.792938991,7.407063995,6.55,27.54,11.3,21.91,2000,0.033050098116819714
3322963459013111808,19.278625,2.1265717,,Betelgeuse,88.792938991,7.407063995,6.55,27.54,11.3,21.91,2000,0.03323462159749835
3322962393861224192,18.73667,0.9342861,4905.409,Betelgeuse,88.792938991,7.407063995,6.55,27.54,11.3,21.91,2000,0.03357775250558113
3322963424653377664,18.894373,1.3623657,4263.708,Betelgeuse,88.792938991,7.407063995,6.55,27.54,11.3,21.91,2000,0.03379411373117653
3322963459013110656,19.137268,1.8224754,,Betelgeuse,88.792938991,7.407063995,6.55,27.54,11.3,21.91,2000,0.0340961970334871
3322963459016444928,19.351713,1.3636837,,Betelgeuse,88.792938991,7.407063995,6.55,27.54,11.3,21.91,2000,0.03509006250939371
3322962118985054336,17.517672,1.6526337,3787.827,Betelgeuse,88.792938991,7.407063995,6.55,27.54,11.3,21.91,2000,0.03517571554398653
3322962050267452288,20.88038,-1.410162,,Betelgeuse,88.792938991,7.407063995,6.55,27.54,11.3,21.91,2000,0.03518851032084848
3322962428222818816,20.701395,-0.8773861,,Betelgeuse,88.792938991,7.407063995,6.55,27.54,11.3,21.91,2000,0.03521262751750349
3322962703100557696,18.769936,1.4536648,3392.6982,Betelgeuse,88.792938991,7.407063995,6.55,27.54,11.3,21.91,2000,0.035237114366162885
3322962393861227520,17.289799,1.0499077,4776.713,Betelgeuse,88.792938991,7.407063995,6.55,27.54,11.3,21.91,2000,0.03530604110891578
3322963493376434816,16.725496,1.0859241,,Betelgeuse,88.792938991,7.407063995,6.55,27.54,11.3,21.91,2000,0.03537508242092075
3322962703098864256,18.437885,1.5397167,4006.6006,Betelgeuse,88.792938991,7.407063995,6.55,27.54,11.3,21.91,2000,0.03550414995507796
3322962050263876992,19.572437,2.3033562,,Betelgeuse,88.792938991,7.407063995,6.55,27.54,11.3,21.91,2000,0.035632405363776605
3322963390296971904,16.119667,1.4727573,,Betelgeuse,88.792938991,7.407063995,6.55,27.54,11.3,21.91,2000,0.03576511398621047
3322963424653375616,19.48094,1.2719669,,Betelgeuse,88.792938991,7.407063995,6.55,27.54,11.3,21.91,2000,0.03580160876341229
3322962222062545152,17.354225,1.6510401,,Betelgeuse,88.792938991,7.407063995,6.55,27.54,11.3,21.91,2000,0.03581726176004953
3322962187704502272,18.166964,1.2253551,,Betelgeuse,88.792938991,7.407063995,6.55,27.54,11.3,21.91,2000,0.036073003485634844
3322963459015001472,20.557854,0.44514275,,Betelgeuse,88.792938991,7.407063995,6.55,27.54,11.3,21.91,2000,0.036142842586333025
3322963459014807040,20.534605,0.8906174,,Betelgeuse,88.792938991,7.407063995,6.55,27.54,11.3,21.91,2000,0.03618046774605332
3322962187702820352,17.78367,1.0384331,,Betelgeuse,88.792938991,7.407063995,6.55,27.54,11.3,21.91,2000,0.036440141234911
3322961844107148416,20.5623,-0.33541298,,Betelgeuse,88.792938991,7.407063995,6.55,27.54,11.3,21.91,2000,0.03645010746750444
3322962634382723968,18.161222,0.9692688,5050.979,Betelgeuse,88.792938991,7.407063995,6.55,27.54,11.3,21.91,2000,0.03651339456395178
3322962393862919040,20.81316,0.5669098,,Betelgeuse,88.792938991,7.407063995,6.55,27.54,11.3,21.91,2000,0.03666388655015147
3322962703098863360,18.895016,1.5486107,4559.1616,Betelgeuse,88.792938991,7.407063995,6.55,27.54,11.3,21.91,2000,0.03669348565416212
3322962222065867904,17.613285,1.78718,,Betelgeuse,88.792938991,7.407063995,6.55,27.54,11.3,21.91,2000,0.03694086799072548
3322962703101320576,20.146822,2.3013916,,Betelgeuse,88.792938991,7.407063995,6.55,27.54,11.3,21.91,2000,0.03704977866840517
3322962325141751296,19.567747,1.2346821,,Betelgeuse,88.792938991,7.407063995,6.55,27.54,11.3,21.91,2000,0.03754260254453048
3322961844108759040,17.801744,0.6266937,,Betelgeuse,88.792938991,7.407063995,6.55,27.54,11.3,21.91,2000,0.03760575615065253
3322962703101320320,20.63547,,,Betelgeuse,88.792938991,7.407063995,6.55,27.54,11.3,21.91,2000,0.0376816775540248
3322962118985057536,19.895863,1.1990967,,Betelgeuse,88.792938991,7.407063995,6.55,27.54,11.3,21.91,2000,0.03776556291608189
3322963390296971648,13.609905,1.4750118,5121.434,Betelgeuse,88.792938991,7.407063995,6.55,27.54,11.3,21.91,2000,0.038207278096074285
3322962428220959744,18.58529,1.3406715,4420.378,Betelgeuse,88.792938991,7.407063995,6.55,27.54,11.3,21.91,2000,0.03827304127206721
3322961809745700736,19.326275,1.4652557,,Betelgeuse,88.792938991,7.407063995,6.55,27.54,11.3,21.91,2000,0.038669222370408624
3322962703100554752,20.482515,-0.10967064,,Betelgeuse,88.792938991,7.407063995,6.55,27.54,11.3,21.91,2000,0.03867802521124713
3322962118985058432,19.72131,1.5506783,,Betelgeuse,88.792938991,7.407063995,6.55,27.54,11.3,21.91,2000,0.038747456968075425
3322962428220960000,17.768831,0.89076805,4984.9487,Betelgeuse,88.792938991,7.407063995,6.55,27.54,11.3,21.91,2000,0.03888687453370946
3322963459014800128,20.722942,0.10372162,,Betelgeuse,88.792938991,7.407063995,6.55,27.54,11.3,21.91,2000,0.039265443626628115
3322963355935787776,20.741056,0.516346,,Betelgeuse,88.792938991,7.407063995,6.55,27.54,11.3,21.91,2000,0.039398704376541534
3322962118985059200,20.584795,1.0285645,,Betelgeuse,88.792938991,7.407063995,6.55,27.54,11.3,21.91,2000,0.039423982409178174
3322962118985273856,20.484339,2.0656738,,Betelgeuse,88.792938991,7.407063995,6.55,27.54,11.3,21.91,2000,0.03952376245488721
3322963390293650304,15.946327,1.1991739,5833.513,Betelgeuse,88.792938991,7.407063995,6.55,27.54,11.3,21.91,2000,0.03955404619635036
3322963459014803328,20.682625,0.6903362,,Betelgeuse,88.792938991,7.407063995,6.55,27.54,11.3,21.91,2000,0.03981268535342063
3322961775387670144,20.24008,0.65000916,,Betelgeuse,88.792938991,7.407063995,6.55,27.54,11.3,21.91,2000,0.0402251025565139
3322961809747526272,20.551712,2.5566254,,Betelgeuse,88.792938991,7.407063995,6.55,27.54,11.3,21.91,2000,0.04023662067789862
3322962874897596928,18.280382,1.089283,,Betelgeuse,88.792938991,7.407063995,6.55,27.54,11.3,21.91,2000,0.04036108945224197
3322962428222650368,20.660526,0.8571491,,Betelgeuse,88.792938991,7.407063995,6.55,27.54,11.3,21.91,2000,0.04049038302616329
3322963355933921280,14.944014,1.2404356,5672.5234,Betelgeuse,88.792938991,7.407063995,6.55,27.54,11.3,21.91,2000,0.040524106740261245
3322962222062545280,18.0436,1.6365566,,Betelgeuse,88.792938991,7.407063995,6.55,27.54,11.3,21.91,2000,0.040546842799094034
3322963459014798720,19.353764,1.5135231,,Betelgeuse,88.792938991,7.407063995,6.55,27.54,11.3,21.91,2000,0.040716740620202
3322962222064234368,20.202293,0.848423,,Betelgeuse,88.792938991,7.407063995,6.55,27.54,11.3,21.91,2000,0.040996842350824465
3322962118983356032,19.399164,0.46505737,,Betelgeuse,88.792938991,7.407063995,6.55,27.54,11.3,21.91,2000,0.04134983772050457
3322962703098860800,13.058302,0.71956444,7540.343,Betelgeuse,88.792938991,7.407063995,6.55,27.54,11.3,21.91,2000,0.04135800715342207
3322962874899299200,20.085785,1.170557,,Betelgeuse,88.792938991,7.407063995,6.55,27.54,11.3,21.91,2000,0.04145425349006046
3322963355933922944,20.137503,,,Betelgeuse,88.792938991,7.407063995,6.55,27.54,11.3,21.91,2000,0.04151099578208639
3322962187707392896,20.39249,1.5604687,,Betelgeuse,88.792938991,7.407063995,6.55,27.54,11.3,21.91,2000,0.04168075241328726
3322964180569478272,19.008509,1.0882206,,Betelgeuse,88.792938991,7.407063995,6.55,27.54,11.3,21.91,2000,0.04178001378521134
3322963355933923072,17.711817,1.4151478,4604.3003,Betelgeuse,88.792938991,7.407063995,6.55,27.54,11.3,21.91,2000,0.04179364960659321
3322963459013107072,19.806986,0.5829315,,Betelgeuse,88.792938991,7.407063995,6.55,27.54,11.3,21.91,2000,0.04181730153991779
3322962187702816896,19.378954,1.7608566,,Betelgeuse,88.792938991,7.407063995,6.55,27.54,11.3,21.91,2000,0.042121278445880844
3322963459014800640,20.494492,0.08326149,,Betelgeuse,88.792938991,7.407063995,6.55,27.54,11.3,21.91,2000,0.0423200739494818
3322962050263879936,19.061686,1.7216911,,Betelgeuse,88.792938991,7.407063995,6.55,27.54,11.3,21.91,2000,0.04233017407604727
3322962118985060992,20.262358,1.272068,,Betelgeuse,88.792938991,7.407063995,6.55,27.54,11.3,21.91,2000,0.04242093043411041
3322963355935626368,20.766645,1.2373371,,Betelgeuse,88.792938991,7.407063995,6.55,27.54,11.3,21.91,2000,0.04278966398676204
3322962325141750016,18.416584,1.1697826,4326.8164,Betelgeuse,88.792938991,7.407063995,6.55,27.54,11.3,21.91,2000,0.04287210556229033
3322962118985060864,20.924816,,,Betelgeuse,88.792938991,7.407063995,6.55,27.54,11.3,21.91,2000,0.04296025490601022
3322963527732586240,16.676336,0.9989567,5629.8228,Betelgeuse,88.792938991,7.407063995,6.55,27.54,11.3,21.91,2000,0.043106238585771624
3322963459013105664,19.635466,0.90444183,,Betelgeuse,88.792938991,7.407063995,6.55,27.54,11.3,21.91,2000,0.04310872423285617
3322961775390535168,21.202322,1.6948128,,Betelgeuse,88.792938991,7.407063995,6.55,27.54,11.3,21.91,2000,0.04321554340019815
3322963459014800896,20.957376,1.7744484,,Betelgeuse,88.792938991,7.407063995,6.55,27.54,11.3,21.91,2000,0.04345270241265344
3322963527734281216,16.197155,1.6754808,4243.672,Betelgeuse,88.792938991,7.407063995,6.55,27.54,11.3,21.91,2000,0.043506099102732426
3322962428220955520,18.925646,1.3017235,4038.1135,Betelgeuse,88.792938991,7.407063995,6.55,27.54,11.3,21.91,2000,0.04373734077303678
3322962118985273344,20.860357,1.1777,,Betelgeuse,88.792938991,7.407063995,6.55,27.54,11.3,21.91,2000,0.04375941385717852
3322962977980535680,21.15009,-0.2427063,,Betelgeuse,88.792938991,7.407063995,6.55,27.54,11.3,21.91,2000,0.04397548459423397
3322963596452089088,19.458046,2.0112724,,Betelgeuse,88.792938991,7.407063995,6.55,27.54,11.3,21.91,2000,0.044002389030805646
3322963355933925376,18.823877,0.030708313,5732.1396,Betelgeuse,88.792938991,7.407063995,6.55,27.54,11.3,21.91,2000,0.04466023674544004
3322962325141749760,19.558174,0.6666336,,Betelgeuse,88.792938991,7.407063995,6.55,27.54,11.3,21.91,2000,0.044670548819802765
3322961844105448192,18.228159,0.7969742,,Betelgeuse,88.792938991,7.407063995,6.55,27.54,11.3,21.91,2000,0.04482280512668102
3322963527734479360,20.844381,1.2167835,,Betelgeuse,88.792938991,7.407063995,6.55,27.54,11.3,21.91,2000,0.04495963421123097
3322963493372853888,18.10177,0.78953743,,Betelgeuse,88.792938991,7.407063995,6.55,27.54,11.3,21.91,2000,0.04514471177185561
3322962325143446016,20.998264,-0.7878704,,Betelgeuse,88.792938991,7.407063995,6.55,27.54,11.3,21.91,2000,0.045428031671604606
3322774549170584064,15.170957,1.2514219,5348.3755,Betelgeuse,88.792938991,7.407063995,6.55,27.54,11.3,21.91,2000,0.04551641930586547
3322962222065866496,17.081646,1.1670055,4635.878,Betelgeuse,88.792938991,7.407063995,6.55,27.54,11.3,21.91,2000,0.045566866877216713
3322962118985203712,20.33155,0.9323063,,Betelgeuse,88.792938991,7.407063995,6.55,27.54,11.3,21.91,2000,0.045591830646906834
3322963355933925760,18.71702,0.91511154,4744.0513,Betelgeuse,88.792938991,7.407063995,6.55,27.54,11.3,21.91,2000,0.04560300927529196
3322964180569301504,17.759756,1.4578934,,Betelgeuse,88.792938991,7.407063995,6.55,27.54,11.3,21.91,2000,0.04567408839160341
3322961775389290240,15.112127,1.1867399,5117.769,Betelgeuse,88.792938991,7.407063995,6.55,27.54,11.3,21.91,2000,0.04582382498369142
3322961947184667264,17.781656,1.5183372,4165.01,Betelgeuse,88.792938991,7.407063995,6.55,27.54,11.3,21.91,2000,0.04585193992236898
3322963596455675392,20.456259,0.86683273,,Betelgeuse,88.792938991,7.407063995,6.55,27.54,11.3,21.91,2000,0.04623287746429407
3322964936483546496,19.849586,0.73306847,,Betelgeuse,88.792938991,7.407063995,6.55,27.54,11.3,21.91,2000,0.04637310151979032
3322774136856274048,19.08318,1.6425648,,Betelgeuse,88.792938991,7.407063995,6.55,27.54,11.3,21.91,2000,0.04647523479585214
3322774549170580096,19.701,1.6444378,,Betelgeuse,88.792938991,7.407063995,6.55,27.54,11.3,21.91,2000,0.04652895493601581
3322963596455823232,19.933792,0.8879185,,Betelgeuse,88.792938991,7.407063995,6.55,27.54,11.3,21.91,2000,0.04654416319998754
3322962428220957696,19.47681,2.035614,,Betelgeuse,88.792938991,7.407063995,6.55,27.54,11.3,21.91,2000,0.0468456961018359
3322962977980370048,20.708529,1.4362564,,Betelgeuse,88.792938991,7.407063995,6.55,27.54,11.3,21.91,2000,0.046904790052734846
3322962874901155328,12.797335,0.5015001,8943.408,Betelgeuse,88.792938991,7.407063995,6.55,27.54,11.3,21.91,2000,0.04700802675848552
3322962359504817664,15.839108,1.1428776,5654.4473,Betelgeuse,88.792938991,7.407063995,6.55,27.54,11.3,21.91,2000,0.047240639397771456
3322962359503172736,20.718987,0.39790344,,Betelgeuse,88.792938991,7.407063995,6.55,27.54,11.3,21.91,2000,0.047393127337188985
3322964111850592768,21.091772,0.18577766,,Betelgeuse,88.792938991,7.407063995,6.55,27.54,11.3,21.91,2000,0.04743575182667939
3322774136855272704,20.760122,-0.6398258,,Betelgeuse,88.792938991,7.407063995,6.55,27.54,11.3,21.91,2000,0.0475033229124343
3322961775385969024,18.742374,2.6494904,,Betelgeuse,88.792938991,7.407063995,6.55,27.54,11.3,21.91,2000,0.04753888191811745
3322962977976810624,19.766006,0.6815376,,Betelgeuse,88.792938991,7.407063995,6.55,27.54,11.3,21.91,2000,0.04763204692527648
3322774136856272640,16.650938,1.3619852,,Betelgeuse,88.792938991,7.407063995,6.55,27.54,11.3,21.91,2000,0.04779652056359482
3322962943620386944,19.644766,0.98778534,,Betelgeuse,88.792938991,7.407063995,6.55,27.54,11.3,21.91,2000,0.04792277338340987
3322962874900918656,14.183754,0.80739594,8109.9565,Betelgeuse,88.792938991,7.407063995,6.55,27.54,11.3,21.91,2000,0.048139027872159186
3322774549172100864,20.364594,1.7427711,,Betelgeuse,88.792938991,7.407063995,6.55,27.54,11.3,21.91,2000,0.048194753111979995
3322964111849822464,20.48168,0.032266617,,Betelgeuse,88.792938991,7.407063995,6.55,27.54,11.3,21.91,2000,0.048249848523061724
3322964180570069376,20.774565,,,Betelgeuse,88.792938991,7.407063995,6.55,27.54,11.3,21.91,2000,0.048284520183934136
3322774514814350464,21.114113,0.75380325,,Betelgeuse,88.792938991,7.407063995,6.55,27.54,11.3,21.91,2000,0.04828679087373421
3322964111849824640,19.94423,1.0059929,,Betelgeuse,88.792938991,7.407063995,6.55,27.54,11.3,21.91,2000,0.04834008169727909
3322774514810859264,19.976627,1.4098072,,Betelgeuse,88.792938991,7.407063995,6.55,27.54,11.3,21.91,2000,0.0485490073973166
3322962977978513408,20.273363,0.66461754,,Betelgeuse,88.792938991,7.407063995,6.55,27.54,11.3,21.91,2000,0.04872555305856923
3322774514814498560,18.111803,1.5792332,4345.6963,Betelgeuse,88.792938991,7.407063995,6.55,27.54,11.3,21.91,2000,0.04889210798756977
3322774136856272384,10.2256155,0.9043646,6043.1167,Betelgeuse,88.792938991,7.407063995,6.55,27.54,11.3,21.91,2000,0.04891948210433047
3322964111848130688,17.502401,1.3624611,,Betelgeuse,88.792938991,7.407063995,6.55,27.54,11.3,21.91,2000,0.04903881466117317
3322774549172100480,20.071178,1.0216942,,Betelgeuse,88.792938991,7.407063995,6.55,27.54,11.3,21.91,2000,0.04925260028348909
3322774136853742976,15.940973,,,Betelgeuse,88.792938991,7.407063995,6.55,27.54,11.3,21.91,2000,0.049343666431770315
3322962015904143872,19.447416,0.8799,,Betelgeuse,88.792938991,7.407063995,6.55,27.54,11.3,21.91,2000,0.04951807773137259
3322963596452088960,18.920933,1.1196976,,Betelgeuse,88.792938991,7.407063995,6.55,27.54,11.3,21.91,2000,0.04960872558315935
3322963596453956992,20.03674,1.2980213,,Betelgeuse,88.792938991,7.407063995,6.55,27.54,11.3,21.91,2000,0.049635977380693724
3322964111848130816,17.016123,1.1075726,5156.1616,Betelgeuse,88.792938991,7.407063995,6.55,27.54,11.3,21.91,2000,0.04964200254792727
3322963527732585984,17.963991,0.97779846,4788.5674,Betelgeuse,88.792938991,7.407063995,6.55,27.54,11.3,21.91,2000,0.04982224080423356
3322962977978511616,20.658735,0.749424,,Betelgeuse,88.792938991,7.407063995,6.55,27.54,11.3,21.91,2000,0.05003592744276287
3322964111848130304,18.072723,1.1932926,4630.5264,Betelgeuse,88.792938991,7.407063995,6.55,27.54,11.3,21.91,2000,0.0501244207388491
3322963733892714368,20.666498,1.6053886,,Betelgeuse,88.792938991,7.407063995,6.55,27.54,11.3,21.91,2000,0.05031776488584598
3322963184135234048,18.075344,1.156311,4667.205,Betelgeuse,88.792938991,7.407063995,6.55,27.54,11.3,21.91,2000,0.05041230817580415
3322964180569296768,20.692955,0.06027603,,Betelgeuse,88.792938991,7.407063995,6.55,27.54,11.3,21.91,2000,0.05043719784948752
3322963699532984704,20.475023,1.7741756,,Betelgeuse,88.792938991,7.407063995,6.55,27.54,11.3,21.91,2000,0.050464811963042595
3322774514810858112,18.506323,1.3478222,4316.9204,Betelgeuse,88.792938991,7.407063995,6.55,27.54,11.3,21.91,2000,0.05048791427865376
3322963527734276224,20.01552,0.9989605,,Betelgeuse,88.792938991,7.407063995,6.55,27.54,11.3,21.91,2000,0.05062387436124537
3322963562095673984,15.984044,0.98503494,6103.6577,Betelgeuse,88.792938991,7.407063995,6.55,27.54,11.3,21.91,2000,0.05072508178792348
3322961775385971328,18.806984,-0.36149406,,Betelgeuse,88.792938991,7.407063995,6.55,27.54,11.3,21.91,2000,0.05078463335585664
3322964936481850880,17.29408,1.3922253,4309.8354,Betelgeuse,88.792938991,7.407063995,6.55,27.54,11.3,21.91,2000,0.05089094922827245
3322774514813390720,16.03717,1.2268372,,Betelgeuse,88.792938991,7.407063995,6.55,27.54,11.3,21.91,2000,0.05090591854695708
3322963596452088832,18.870087,0.73233986,,Betelgeuse,88.792938991,7.407063995,6.55,27.54,11.3,21.91,2000,0.050918961870972064
3322774514810857216,18.590784,1.6924534,,Betelgeuse,88.792938991,7.407063995,6.55,27.54,11.3,21.91,2000,0.05123233153622997
3322962977976808832,18.785519,0.81198883,,Betelgeuse,88.792938991,7.407063995,6.55,27.54,11.3,21.91,2000,0.05126379295173627
3322774549173120768,17.77662,1.1124134,4897.3047,Betelgeuse,88.792938991,7.407063995,6.55,27.54,11.3,21.91,2000,0.05141434241963603
3322963562094294912,20.741348,2.5611553,,Betelgeuse,88.792938991,7.407063995,6.55,27.54,11.3,21.91,2000,0.05156494499836924
3322962359501480448,17.460047,1.1681919,4783.3306,Betelgeuse,88.792938991,7.407063995,6.55,27.54,11.3,21.91,2000,0.0516764200194785
3322963596455402752,17.648886,1.3176975,,Betelgeuse,88.792938991,7.407063995,6.55,27.54,11.3,21.91,2000,0.05179445881640184
3322964111848131072,19.11395,1.9764252,,Betelgeuse,88.792938991,7.407063995,6.55,27.54,11.3,21.91,2000,0.051862821327041446
3322962874900919040,14.1059885,1.4543695,,Betelgeuse,88.792938991,7.407063995,6.55,27.54,11.3,21.91,2000,0.05196895260637759
3322774102496541440,16.679089,1.1397734,5389.1045,Betelgeuse,88.792938991,7.407063995,6.55,27.54,11.3,21.91,2000,0.05211498619907904
3322965005203228416,20.733103,0.22554588,,Betelgeuse,88.792938991,7.407063995,6.55,27.54,11.3,21.91,2000,0.052305662599439494
3322963699531286400,19.81997,2.3863392,,Betelgeuse,88.792938991,7.407063995,6.55,27.54,11.3,21.91,2000,0.0523792709987285
3322961741029557632,16.354753,1.3674841,4322.761,Betelgeuse,88.792938991,7.407063995,6.55,27.54,11.3,21.91,2000,0.05241878018025208
3322964111849999104,20.102064,0.9776745,,Betelgeuse,88.792938991,7.407063995,6.55,27.54,11.3,21.91,2000,0.05257914078837508
3322774549171575168,19.673563,1.1337605,,Betelgeuse,88.792938991,7.407063995,6.55,27.54,11.3,21.91,2000,0.052581834579881935
3322962943617075712,20.192135,0.67281914,,Betelgeuse,88.792938991,7.407063995,6.55,27.54,11.3,21.91,2000,0.052846258542320126
3322774652249788032,18.90383,1.6938992,3571.3398,Betelgeuse,88.792938991,7.407063995,6.55,27.54,11.3,21.91,2000,0.05295627105791788
3322962015904146560,14.56117,1.336298,4564.0,Betelgeuse,88.792938991,7.407063995,6.55,27.54,11.3,21.91,2000,0.052997324475326395
3322963905693042304,15.256846,1.1075954,5862.207,Betelgeuse,88.792938991,7.407063995,6.55,27.54,11.3,21.91,2000,0.05305917711835643
3322961775389290496,18.466122,1.659193,,Betelgeuse,88.792938991,7.407063995,6.55,27.54,11.3,21.91,2000,0.053087599409962744
3322962874899306240,12.547594,1.0752554,5057.114,Betelgeuse,88.792938991,7.407063995,6.55,27.54,11.3,21.91,2000,0.05314431575912978
3322963562095673856,16.907505,1.7714539,,Betelgeuse,88.792938991,7.407063995,6.55,27.54,11.3,21.91,2000,0.053213267445323835
3322963527735920896,17.270319,0.871315,5555.56,Betelgeuse,88.792938991,7.407063995,6.55,27.54,11.3,21.91,2000,0.05323775467677806
3322962977978514816,20.870419,-1.0434208,,Betelgeuse,88.792938991,7.407063995,6.55,27.54,11.3,21.91,2000,0.05339312553978258
3322963562092352256,19.288967,,,Betelgeuse,88.792938991,7.407063995,6.55,27.54,11.3,21.91,2000,0.05348257670437156
3322963733892710912,20.50276,0.54771996,,Betelgeuse,88.792938991,7.407063995,6.55,27.54,11.3,21.91,2000,0.05355522460459798
3322963596452076160,18.791626,0.75736046,4795.536,Betelgeuse,88.792938991,7.407063995,6.55,27.54,11.3,21.91,2000,0.05365391601337425
3322962359503169664,20.061285,0.018665314,,Betelgeuse,88.792938991,7.407063995,6.55,27.54,11.3,21.91,2000,0.053680001549784376
3322774549170576000,18.302687,0.94181633,4791.023,Betelgeuse,88.792938991,7.407063995,6.55,27.54,11.3,21.91,2000,0.054058524555186074
3322963562095673728,16.76053,1.1284933,,Betelgeuse,88.792938991,7.407063995,6.55,27.54,11.3,21.91,2000,0.05412116788496868
3322962771818389888,19.117453,2.4203548,,Betelgeuse,88.792938991,7.407063995,6.55,27.54,11.3,21.91,2000,0.054336518120381
3322774136856275328,17.042616,1.2630272,4755.53,Betelgeuse,88.792938991,7.407063995,6.55,27.54,11.3,21.91,2000,0.05435292065554948
3322963596452076288,18.840466,0.64308167,5199.0703,Betelgeuse,88.792938991,7.407063995,6.55,27.54,11.3,21.91,2000,0.0546372054675918
3322774549171570432,20.10574,1.9932194,,Betelgeuse,88.792938991,7.407063995,6.55,27.54,11.3,21.91,2000,0.054802102309013286
3322963699534615296,12.866321,1.4515228,4863.9844,Betelgeuse,88.792938991,7.407063995,6.55,27.54,11.3,21.91,2000,0.05482384695347403
3322774102494018816,18.689007,0.40992546,4506.804,Betelgeuse,88.792938991,7.407063995,6.55,27.54,11.3,21.91,2000,0.05506862920172401
3322964936485191040,18.13393,1.5704918,,Betelgeuse,88.792938991,7.407063995,6.55,27.54,11.3,21.91,2000,0.055129499277866804
3322774102495010432,20.93475,0.25312614,,Betelgeuse,88.792938991,7.407063995,6.55,27.54,11.3,21.91,2000,0.05513279996304473
3322962771818390400,19.269218,1.2055721,,Betelgeuse,88.792938991,7.407063995,6.55,27.54,11.3,21.91,2000,0.055429867158381996
3322962943617076736,17.624865,0.63559914,,Betelgeuse,88.792938991,7.407063995,6.55,27.54,11.3,21.91,2000,0.05543924274859241
3322961947186578560,20.605587,-0.28357506,,Betelgeuse,88.792938991,7.407063995,6.55,27.54,11.3,21.91,2000,0.05578823381820656
3322965005201331072,13.669271,0.9757633,5885.195,Betelgeuse,88.792938991,7.407063995,6.55,27.54,11.3,21.91,2000,0.05592157932995535
3322964214929216768,20.292643,0.9981766,,Betelgeuse,88.792938991,7.407063995,6.55,27.54,11.3,21.91,2000,0.05612051425328838
3322774102494023424,18.591644,0.69255257,4947.9204,Betelgeuse,88.792938991,7.407063995,6.55,27.54,11.3,21.91,2000,0.05628757785502915
3322963184135238144,19.916489,1.242527,,Betelgeuse,88.792938991,7.407063995,6.55,27.54,11.3,21.91,2000,0.05645192155565408
3322961672306763008,18.47804,0.9579735,4512.4463,Betelgeuse,88.792938991,7.407063995,6.55,27.54,11.3,21.91,2000,0.05653886677133001
3322962015904148608,18.283697,0.7076664,,Betelgeuse,88.792938991,7.407063995,6.55,27.54,11.3,21.91,2000,0.056604586009911584
3322774652252331776,17.17509,1.6314468,4268.2983,Betelgeuse,88.792938991,7.407063995,6.55,27.54,11.3,21.91,2000,0.056674762337209895
3322774136854743552,20.433638,1.2769184,,Betelgeuse,88.792938991,7.407063995,6.55,27.54,11.3,21.91,2000,0.05676163454578102
3322774102495009920,20.76751,0.5252819,,Betelgeuse,88.792938991,7.407063995,6.55,27.54,11.3,21.91,2000,0.056872707404269585
3322962359501481088,16.748676,1.2493668,,Betelgeuse,88.792938991,7.407063995,6.55,27.54,11.3,21.91,2000,0.05705241815272291
3322964146207862272,18.27717,1.5780582,,Betelgeuse,88.792938991,7.407063995,6.55,27.54,11.3,21.91,2000,0.057098335253834315
3322964936481848576,19.268906,1.1436138,,Betelgeuse,88.792938991,7.407063995,6.55,27.54,11.3,21.91,2000,0.05714549062959988
3322963699532984576,20.50212,0.9514389,,Betelgeuse,88.792938991,7.407063995,6.55,27.54,11.3,21.91,2000,0.05725102721500723
3322962359504816640,17.522282,1.0235882,,Betelgeuse,88.792938991,7.407063995,6.55,27.54,11.3,21.91,2000,0.057266701876488225
3322963905689700352,19.426155,1.0374947,,Betelgeuse,88.792938991,7.407063995,6.55,27.54,11.3,21.91,2000,0.05741946919178683
3322965005203304448,20.640196,1.4173946,,Betelgeuse,88.792938991,7.407063995,6.55,27.54,11.3,21.91,2000,0.05742622580721795
3322962359501481344,18.488012,-0.040525436,,Betelgeuse,88.792938991,7.407063995,6.55,27.54,11.3,21.91,2000,0.057525622909248494
3322774102494016512,17.98428,2.449295,3453.1042,Betelgeuse,88.792938991,7.407063995,6.55,27.54,11.3,21.91,2000,0.057736939191288535
3322962771818391552,19.674913,1.0774384,,Betelgeuse,88.792938991,7.407063995,6.55,27.54,11.3,21.91,2000,0.057824427638150246
3322962943620395136,17.014372,1.5847387,,Betelgeuse,88.792938991,7.407063995,6.55,27.54,11.3,21.91,2000,0.057827242794613126
3322963733891013120,18.632994,1.1116276,4257.5234,Betelgeuse,88.792938991,7.407063995,6.55,27.54,11.3,21.91,2000,0.05786394627650106
3322774102494019584,19.661016,1.1642418,,Betelgeuse,88.792938991,7.407063995,6.55,27.54,11.3,21.91,2000,0.057891999252840366
3322774652249784320,19.089544,0.884182,,Betelgeuse,88.792938991,7.407063995,6.55,27.54,11.3,21.91,2000,0.058005634623189396
3322965005203020672,20.3941,1.1429634,,Betelgeuse,88.792938991,7.407063995,6.55,27.54,11.3,21.91,2000,0.05809108395269302
3322774686609521152,19.482897,0.9967842,,Betelgeuse,88.792938991,7.407063995,6.55,27.54,11.3,21.91,2000,0.05815032618798163
3322961741026243072,19.948042,1.3600712,,Betelgeuse,88.792938991,7.407063995,6.55,27.54,11.3,21.91,2000,0.058311977508707466
3322774652250782080,20.735418,0.30696678,,Betelgeuse,88.792938991,7.407063995,6.55,27.54,11.3,21.91,2000,0.0583473978354187
3322774068136794496,14.99408,1.0151863,5738.673,Betelgeuse,88.792938991,7.407063995,6.55,27.54,11.3,21.91,2000,0.05858136474404323
3322963184135239936,18.99985,1.0332737,3687.7625,Betelgeuse,88.792938991,7.407063995,6.55,27.54,11.3,21.91,2000,0.05870983763673229
3322774446092361216,17.91694,0.9693203,,Betelgeuse,88.792938991,7.407063995,6.55,27.54,11.3,21.91,2000,0.05893315453079206
3322963149779062144,21.16508,0.6397896,,Betelgeuse,88.792938991,7.407063995,6.55,27.54,11.3,21.91,2000,0.05900601240651223
3322773999414810752,17.79452,0.761837,4990.8384,Betelgeuse,88.792938991,7.407063995,6.55,27.54,11.3,21.91,2000,0.05906533165569759
3322962015908654336,17.32294,1.1689377,4773.5303,Betelgeuse,88.792938991,7.407063995,6.55,27.54,11.3,21.91,2000,0.059128886102776806
3322965211359761536,19.633272,1.6424198,,Betelgeuse,88.792938991,7.407063995,6.55,27.54,11.3,21.91,2000,0.059316593993800334
3322963905693041280,17.237995,1.1570911,4812.4727,Betelgeuse,88.792938991,7.407063995,6.55,27.54,11.3,21.91,2000,0.05940297222478757
3322961672306764800,17.643332,0.91459274,5118.845,Betelgeuse,88.792938991,7.407063995,6.55,27.54,11.3,21.91,2000,0.059436202993282894
3322964214929028608,20.47118,-0.07673836,,Betelgeuse,88.792938991,7.407063995,6.55,27.54,11.3,21.91,2000,0.059574388883911464
3322962359501477248,20.004143,2.6098118,,Betelgeuse,88.792938991,7.407063995,6.55,27.54,11.3,21.91,2000,0.05966027044916474
3322962939322692608,17.040462,0.8862457,5245.7217,Betelgeuse,88.792938991,7.407063995,6.55,27.54,11.3,21.91,2000,0.059669471039259875
3322962359506031488,20.014273,-0.08446503,,Betelgeuse,88.792938991,7.407063995,6.55,27.54,11.3,21.91,2000,0.059672995181516246
3322963905689694592,17.57638,1.3744888,4333.839,Betelgeuse,88.792938991,7.407063995,6.55,27.54,11.3,21.91,2000,0.059869637235296036
3322961912824936832,19.869389,1.146471,,Betelgeuse,88.792938991,7.407063995,6.55,27.54,11.3,21.91,2000,0.05989448950739704
3322963905693040256,18.98424,1.1467228,,Betelgeuse,88.792938991,7.407063995,6.55,27.54,11.3,21.91,2000,0.05990423206542713
3322774446092380800,20.630194,1.0016918,,Betelgeuse,88.792938991,7.407063995,6.55,27.54,11.3,21.91,2000,0.05991804701312617
3322961672306761600,18.530434,0.93924904,3660.8904,Betelgeuse,88.792938991,7.407063995,6.55,27.54,11.3,21.91,2000,0.05993507103601107
3322963768250764416,18.659443,0.9926758,,Betelgeuse,88.792938991,7.407063995,6.55,27.54,11.3,21.91,2000,0.06005156015730559
3322963184137096960,20.128492,1.0498638,,Betelgeuse,88.792938991,7.407063995,6.55,27.54,11.3,21.91,2000,0.06011241192878838
3322964146211206016,15.805307,0.9914026,,Betelgeuse,88.792938991,7.407063995,6.55,27.54,11.3,21.91,2000,0.060253126348370635
3322964146211206272,18.17315,1.1076183,,Betelgeuse,88.792938991,7.407063995,6.55,27.54,11.3,21.91,2000,0.060281496326572453
3322961981544413440,20.12356,0.063934326,,Betelgeuse,88.792938991,7.407063995,6.55,27.54,11.3,21.91,2000,0.06036810071281669
3322774068134271104,18.655588,1.452404,4184.0864,Betelgeuse,88.792938991,7.407063995,6.55,27.54,11.3,21.91,2000,0.06047808245147859
3322962840541185152,16.958612,1.1004429,5378.677,Betelgeuse,88.792938991,7.407063995,6.55,27.54,11.3,21.91,2000,0.06055867128811584
3322964146211205760,14.17674,1.549902,5212.5254,Betelgeuse,88.792938991,7.407063995,6.55,27.54,11.3,21.91,2000,0.060629674747116516
3322774480451107712,16.097183,1.7409515,,Betelgeuse,88.792938991,7.407063995,6.55,27.54,11.3,21.91,2000,0.06063701913930149
3322962015904151552,11.5295315,1.5895929,,Betelgeuse,88.792938991,7.407063995,6.55,27.54,11.3,21.91,2000,0.06066715657993199
3322774446092362368,18.47827,1.5151978,,Betelgeuse,88.792938991,7.407063995,6.55,27.54,11.3,21.91,2000,0.060890325988228106
3322963836970224000,18.816282,1.4457664,4175.0366,Betelgeuse,88.792938991,7.407063995,6.55,27.54,11.3,21.91,2000,0.06099731432912279
3322964214927336192,20.055048,1.0744,,Betelgeuse,88.792938991,7.407063995,6.55,27.54,11.3,21.91,2000,0.06106169588464767
3322963768252463104,20.03878,0.66594315,,Betelgeuse,88.792938991,7.407063995,6.55,27.54,11.3,21.91,2000,0.0612093411733688
3322963184135234944,20.135351,0.7768574,,Betelgeuse,88.792938991,7.407063995,6.55,27.54,11.3,21.91,2000,0.061216605470440895
3322961912826638336,19.292824,0.7490864,,Betelgeuse,88.792938991,7.407063995,6.55,27.54,11.3,21.91,2000,0.06123337560724162
3322964214929027712,19.158724,2.1404915,,Betelgeuse,88.792938991,7.407063995,6.55,27.54,11.3,21.91,2000,0.06123777194934247
3322962943617077376,18.021244,1.8433876,3251.8982,Betelgeuse,88.792938991,7.407063995,6.55,27.54,11.3,21.91,2000,0.06123796001774979
3322963768250764288,16.293825,1.0862589,,Betelgeuse,88.792938991,7.407063995,6.55,27.54,11.3,21.91,2000,0.061313335067126766
3322961981547958528,17.919224,1.7770653,,Betelgeuse,88.792938991,7.407063995,6.55,27.54,11.3,21.91,2000,0.061321724021963564
3322961706670051328,20.213902,1.104578,,Betelgeuse,88.792938991,7.407063995,6.55,27.54,11.3,21.91,2000,0.061568284034013876
3322774068134265600,17.781876,1.53866,4705.4067,Betelgeuse,88.792938991,7.407063995,6.55,27.54,11.3,21.91,2000,0.06161165405407939
3322961672306763264,18.896368,1.3077297,4088.744,Betelgeuse,88.792938991,7.407063995,6.55,27.54,11.3,21.91,2000,0.061614030123518966
3322963665171554944,19.010544,1.7592907,,Betelgeuse,88.792938991,7.407063995,6.55,27.54,11.3,21.91,2000,0.061618478963010356
3322774068134269184,19.27942,1.8292732,,Betelgeuse,88.792938991,7.407063995,6.55,27.54,11.3,21.91,2000,0.06165334224840536
3322774652249784192,19.230947,0.61914635,,Betelgeuse,88.792938991,7.407063995,6.55,27.54,11.3,21.91,2000,0.06167427426112138
3322774652250779392,20.153162,0.26247787,,Betelgeuse,88.792938991,7.407063995,6.55,27.54,11.3,21.91,2000,0.0616879809369244
3322963733891016832,18.837656,0.9053383,,Betelgeuse,88.792938991,7.407063995,6.55,27.54,11.3,21.91,2000,0.06177441936906035
3322774102494024320,19.063995,0.53253174,,Betelgeuse,88.792938991,7.407063995,6.55,27.54,11.3,21.91,2000,0.061778426247572384
3322965211361736320,20.862455,1.0684052,,Betelgeuse,88.792938991,7.407063995,6.55,27.54,11.3,21.91,2000,0.06183770459575191
3322963836971913984,20.403404,0.58922195,,Betelgeuse,88.792938991,7.407063995,6.55,27.54,11.3,21.91,2000,0.06186337627690317
3322774102495009664,20.733744,0.7145748,,Betelgeuse,88.792938991,7.407063995,6.55,27.54,11.3,21.91,2000,0.06186561474871575
3322963768254092928,19.473274,1.8906822,,Betelgeuse,88.792938991,7.407063995,6.55,27.54,11.3,21.91,2000,0.061910778626005476
3322963905691385728,16.32705,1.0184641,,Betelgeuse,88.792938991,7.407063995,6.55,27.54,11.3,21.91,2000,0.0621053210965102
3322965039561060224,20.014858,1.0909634,,Betelgeuse,88.792938991,7.407063995,6.55,27.54,11.3,21.91,2000,0.06214523832052747
3322964970841579904,19.611177,1.3439922,,Betelgeuse,88.792938991,7.407063995,6.55,27.54,11.3,21.91,2000,0.0623417968089127
3322963665174878976,15.728524,1.0494499,5883.686,Betelgeuse,88.792938991,7.407063995,6.55,27.54,11.3,21.91,2000,0.062467342545395516
3322963802610496640,17.868324,1.0732803,4846.0947,Betelgeuse,88.792938991,7.407063995,6.55,27.54,11.3,21.91,2000,0.06255601795017535
3322964970843488128,20.346428,0.51202774,,Betelgeuse,88.792938991,7.407063995,6.55,27.54,11.3,21.91,2000,0.06256546542326889
3322774480453643776,16.35176,1.1782122,5114.932,Betelgeuse,88.792938991,7.407063995,6.55,27.54,11.3,21.91,2000,0.06263555999648714
3322963665171556864,18.698751,1.3961678,3983.6877,Betelgeuse,88.792938991,7.407063995,6.55,27.54,11.3,21.91,2000,0.06265374220139835
3322774480451106432,15.821285,1.1950798,,Betelgeuse,88.792938991,7.407063995,6.55,27.54,11.3,21.91,2000,0.06265696872051105
3322963733893471104,20.967089,1.4749603,,Betelgeuse,88.792938991,7.407063995,6.55,27.54,11.3,21.91,2000,0.0627090810055928
3322961672306765056,19.268213,1.6266232,,Betelgeuse,88.792938991,7.407063995,6.55,27.54,11.3,21.91,2000,0.06306946442295665
3322774102495009024,20.81215,-0.58138657,,Betelgeuse,88.792938991,7.407063995,6.55,27.54,11.3,21.91,2000,0.06307192152627057
3322963768250764544,18.222668,1.2553825,4180.6743,Betelgeuse,88.792938991,7.407063995,6.55,27.54,11.3,21.91,2000,0.06309550118601548
3322963149775505536,20.026405,0.92985535,,Betelgeuse,88.792938991,7.407063995,6.55,27.54,11.3,21.91,2000,0.06318198978385338
3322964214931963264,19.337612,1.1072102,,Betelgeuse,88.792938991,7.407063995,6.55,27.54,11.3,21.91,2000,0.06327835737350083
3322962840537867904,18.762943,0.71616364,,Betelgeuse,88.792938991,7.407063995,6.55,27.54,11.3,21.91,2000,0.06329133977044826
3322963940049431680,19.16038,1.3596764,,Betelgeuse,88.792938991,7.407063995,6.55,27.54,11.3,21.91,2000,0.06338034688702043
3322963802612190080,20.296896,0.9789715,,Betelgeuse,88.792938991,7.407063995,6.55,27.54,11.3,21.91,2000,0.06347370980357186
3322773999417329280,17.798988,1.2083836,4244.0264,Betelgeuse,88.792938991,7.407063995,6.55,27.54,11.3,21.91,2000,0.06352013710994943
3322964146207858304,19.874414,-0.02230835,,Betelgeuse,88.792938991,7.407063995,6.55,27.54,11.3,21.91,2000,0.06357615847735962
3322774480453644544,15.970201,1.1154909,,Betelgeuse,88.792938991,7.407063995,6.55,27.54,11.3,21.91,2000,0.06391021011499927
3322964214930681984,15.638253,1.0416498,5572.2285,Betelgeuse,88.792938991,7.407063995,6.55,27.54,11.3,21.91,2000,0.0639528791240788
3322963836971909760,19.981722,0.463377,,Betelgeuse,88.792938991,7.407063995,6.55,27.54,11.3,21.91,2000,0.0639815205854293
3322965211359760896,17.856125,0.8233566,5220.4834,Betelgeuse,88.792938991,7.407063995,6.55,27.54,11.3,21.91,2000,0.0639957742982464
3322963184136943872,20.69912,0.28129005,,Betelgeuse,88.792938991,7.407063995,6.55,27.54,11.3,21.91,2000,0.06407992649685737
3322774583530313856,17.083698,1.7908096,4362.7275,Betelgeuse,88.792938991,7.407063995,6.55,27.54,11.3,21.91,2000,0.06408772317118919
3322774686609518336,18.479635,0.72319794,4923.5234,Betelgeuse,88.792938991,7.407063995,6.55,27.54,11.3,21.91,2000,0.06415734495578461
3322774583530313728,20.218723,,,Betelgeuse,88.792938991,7.407063995,6.55,27.54,11.3,21.91,2000,0.06422285039438841
3322963733891013888,20.31273,1.2713566,,Betelgeuse,88.792938991,7.407063995,6.55,27.54,11.3,21.91,2000,0.06424816005798575
3322963940049431424,18.479324,1.209074,4459.8,Betelgeuse,88.792938991,7.407063995,6.55,27.54,11.3,21.91,2000,0.06430243820460589
3322964970841580416,19.804594,1.137888,,Betelgeuse,88.792938991,7.407063995,6.55,27.54,11.3,21.91,2000,0.06441569993125847
3322965211361453824,20.594051,,,Betelgeuse,88.792938991,7.407063995,6.55,27.54,11.3,21.91,2000,0.06461630571181437
3322964146207859200,16.593182,1.3021231,,Betelgeuse,88.792938991,7.407063995,6.55,27.54,11.3,21.91,2000,0.06466054246905723
3322961637948729600,20.899502,1.1592617,,Betelgeuse,88.792938991,7.407063995,6.55,27.54,11.3,21.91,2000,0.06483276415046609
3322962840541185280,15.364602,1.6480131,4358.579,Betelgeuse,88.792938991,7.407063995,6.55,27.54,11.3,21.91,2000,0.06512087042621385
3322962840537865088,17.774296,1.5304642,4206.4585,Betelgeuse,88.792938991,7.407063995,6.55,27.54,11.3,21.91,2000,0.06514142081272363
3322964146207858944,19.91514,1.8341389,,Betelgeuse,88.792938991,7.407063995,6.55,27.54,11.3,21.91,2000,0.0652472586519967
3322965211359759232,17.923607,0.7378216,,Betelgeuse,88.792938991,7.407063995,6.55,27.54,11.3,21.91,2000,0.06526812873525556
3322965039561058560,19.356081,1.7834854,,Betelgeuse,88.792938991,7.407063995,6.55,27.54,11.3,21.91,2000,0.06526914794393265
3322961981544413952,16.966776,1.1551685,,Betelgeuse,88.792938991,7.407063995,6.55,27.54,11.3,21.91,2000,0.06547676026004094
3322773999414811392,19.189512,1.2164917,,Betelgeuse,88.792938991,7.407063995,6.55,27.54,11.3,21.91,2000,0.06549251172444603
3322961981544414336,18.967459,1.3825874,,Betelgeuse,88.792938991,7.407063995,6.55,27.54,11.3,21.91,2000,0.0655391163465338
3322961706669830528,16.38121,1.4477816,,Betelgeuse,88.792938991,7.407063995,6.55,27.54,11.3,21.91,2000,0.06561126960469979
3322964146211205632,14.893885,1.2233925,4926.1836,Betelgeuse,88.792938991,7.407063995,6.55,27.54,11.3,21.91,2000,0.0657277386480039
3322963802610489984,17.920435,0.9546108,5036.2686,Betelgeuse,88.792938991,7.407063995,6.55,27.54,11.3,21.91,2000,0.06584022203261758
3322773999414811264,17.34587,2.6409016,3423.4548,Betelgeuse,88.792938991,7.407063995,6.55,27.54,11.3,21.91,2000,0.06587579131130407
3322962840539571968,20.03024,0.54642105,,Betelgeuse,88.792938991,7.407063995,6.55,27.54,11.3,21.91,2000,0.06592848031202467
3322965039561056896,19.110525,1.3098679,,Betelgeuse,88.792938991,7.407063995,6.55,27.54,11.3,21.91,2000,0.06609866067738132
3322965211363100032,17.72831,0.94703674,4856.8013,Betelgeuse,88.792938991,7.407063995,6.55,27.54,11.3,21.91,2000,0.06610646977482434
3322963149775508096,18.063072,1.0465508,4841.9834,Betelgeuse,88.792938991,7.407063995,6.55,27.54,11.3,21.91,2000,0.06618816129168396
3322965039562752512,20.127321,0.13499641,,Betelgeuse,88.792938991,7.407063995,6.55,27.54,11.3,21.91,2000,0.06626746210208083
3322774446091381632,17.77933,1.4803371,4386.496,Betelgeuse,88.792938991,7.407063995,6.55,27.54,11.3,21.91,2000,0.06635379688146863
3322963802612189312,20.73016,1.3735809,,Betelgeuse,88.792938991,7.407063995,6.55,27.54,11.3,21.91,2000,0.06641415251351034
3322961981544416256,18.284143,1.7695808,3526.9285,Betelgeuse,88.792938991,7.407063995,6.55,27.54,11.3,21.91,2000,0.06649557544125341
3322963940051121536,20.811348,1.1370811,,Betelgeuse,88.792938991,7.407063995,6.55,27.54,11.3,21.91,2000,0.06651968970192561
3322962840539570816,20.5478,1.5501881,,Betelgeuse,88.792938991,7.407063995,6.55,27.54,11.3,21.91,2000,0.06653483167401285
3322963836971909888,20.965221,4.2820683,,Betelgeuse,88.792938991,7.407063995,6.55,27.54,11.3,21.91,2000,0.06654361072897506
3322963149775504896,19.757385,0.8440075,,Betelgeuse,88.792938991,7.407063995,6.55,27.54,11.3,21.91,2000,0.0665663894797229
3322774068135266176,20.441776,0.9736061,,Betelgeuse,88.792938991,7.407063995,6.55,27.54,11.3,21.91,2000,0.06665133262831452
3322774480452095104,20.802067,0.8775749,,Betelgeuse,88.792938991,7.407063995,6.55,27.54,11.3,21.91,2000,0.0667658829485728
3322963252858029824,10.993283,1.0507145,5807.28,Betelgeuse,88.792938991,7.407063995,6.55,27.54,11.3,21.91,2000,0.06688072695502321
3322774686609519360,18.663174,1.6849518,3455.4822,Betelgeuse,88.792938991,7.407063995,6.55,27.54,11.3,21.91,2000,0.06709253821905774
3322961912826842496,21.040728,0.70404243,,Betelgeuse,88.792938991,7.407063995,6.55,27.54,11.3,21.91,2000,0.06709986140188819
3322774446092378368,15.576881,1.1481333,6374.6484,Betelgeuse,88.792938991,7.407063995,6.55,27.54,11.3,21.91,2000,0.06735916002140788
3322962840537868032,19.873903,2.3624039,,Betelgeuse,88.792938991,7.407063995,6.55,27.54,11.3,21.91,2000,0.06742201453499529
3322964146209548160,20.663244,0.7988224,,Betelgeuse,88.792938991,7.407063995,6.55,27.54,11.3,21.91,2000,0.06745668964506699
3322774446092379264,20.797575,-0.223032,,Betelgeuse,88.792938991,7.407063995,6.55,27.54,11.3,21.91,2000,0.06752671397629384
3322961637947030016,18.865768,1.2535019,4255.7803,Betelgeuse,88.792938991,7.407063995,6.55,27.54,11.3,21.91,2000,0.06797020469460982
3322963940051119744,19.987291,0.78019905,,Betelgeuse,88.792938991,7.407063995,6.55,27.54,11.3,21.91,2000,0.06798950259146261
3322963802610494592,18.67754,1.6914768,3597.0708,Betelgeuse,88.792938991,7.407063995,6.55,27.54,11.3,21.91,2000,0.06804748022627645
3322961981546117888,20.688198,1.2957153,,Betelgeuse,88.792938991,7.407063995,6.55,27.54,11.3,21.91,2000,0.0680711596540926
3322963802610493056,19.781044,0.9419689,,Betelgeuse,88.792938991,7.407063995,6.55,27.54,11.3,21.91,2000,0.0682489190488192
3322962840541190144,15.600312,1.0526123,5350.878,Betelgeuse,88.792938991,7.407063995,6.55,27.54,11.3,21.91,2000,0.06836526365447573
3322962840537869952,19.89636,1.9376087,,Betelgeuse,88.792938991,7.407063995,6.55,27.54,11.3,21.91,2000,0.0684331229081658
3322961981544416384,18.679426,1.103178,4711.5664,Betelgeuse,88.792938991,7.407063995,6.55,27.54,11.3,21.91,2000,0.06877588462533844
3322963665173252224,19.927526,2.0244236,,Betelgeuse,88.792938991,7.407063995,6.55,27.54,11.3,21.91,2000,0.06882248090794738
3322961912828262656,15.656423,1.5375967,,Betelgeuse,88.792938991,7.407063995,6.55,27.54,11.3,21.91,2000,0.0688299978416487
3322964214927332864,19.934292,0.6167965,,Betelgeuse,88.792938991,7.407063995,6.55,27.54,11.3,21.91,2000,0.06888143410522368
3322774446095147904,20.845648,2.5574665,,Betelgeuse,88.792938991,7.407063995,6.55,27.54,11.3,21.91,2000,0.06893443484757833
3322774583530311040,19.564142,1.475378,,Betelgeuse,88.792938991,7.407063995,6.55,27.54,11.3,21.91,2000,0.06896084212842774
3322963630813533440,19.916536,1.9656601,,Betelgeuse,88.792938991,7.407063995,6.55,27.54,11.3,21.91,2000,0.06899089307196911
3322962840539571712,20.518085,0.4292183,,Betelgeuse,88.792938991,7.407063995,6.55,27.54,11.3,21.91,2000,0.06938859351110643
3322776164078257792,20.236046,1.565836,,Betelgeuse,88.792938991,7.407063995,6.55,27.54,11.3,21.91,2000,0.06942843397364637
3322963836971907328,20.14962,1.7328758,,Betelgeuse,88.792938991,7.407063995,6.55,27.54,11.3,21.91,2000,0.06951207013490032
3322965039564657408,15.860578,0.9342871,5651.7163,Betelgeuse,88.792938991,7.407063995,6.55,27.54,11.3,21.91,2000,0.06959084841070852
3322963252854717056,19.17903,1.4166489,,Betelgeuse,88.792938991,7.407063995,6.55,27.54,11.3,21.91,2000,0.06964161197843034
3322774686613187456,19.509197,0.89850235,,Betelgeuse,88.792938991,7.407063995,6.55,27.54,11.3,21.91,2000,0.06966739954082803
3322963046696295552,19.300005,1.6429234,,Betelgeuse,88.792938991,7.407063995,6.55,27.54,11.3,21.91,2000,0.06973234502876977
3322773995122311040,19.917807,1.0542412,,Betelgeuse,88.792938991,7.407063995,6.55,27.54,11.3,21.91,2000,0.06976419293768846
3322774068136799488,15.641859,1.5033426,5233.9165,Betelgeuse,88.792938991,7.407063995,6.55,27.54,11.3,21.91,2000,0.06985395074208299
3322962840539572864,20.521202,0.0024757385,,Betelgeuse,88.792938991,7.407063995,6.55,27.54,11.3,21.91,2000,0.06993565384978088
3322964970841577600,20.12457,1.6479511,,Betelgeuse,88.792938991,7.407063995,6.55,27.54,11.3,21.91,2000,0.07000687841259313
3322961912826642304,19.466087,2.4611683,,Betelgeuse,88.792938991,7.407063995,6.55,27.54,11.3,21.91,2000,0.0700854149611019
3322963630811831296,19.771776,1.099762,,Betelgeuse,88.792938991,7.407063995,6.55,27.54,11.3,21.91,2000,0.07017868385495632
3322962737458659968,19.402802,0.9015808,,Betelgeuse,88.792938991,7.407063995,6.55,27.54,11.3,21.91,2000,0.0703974384786389
3322774446092380928,19.717741,2.173561,,Betelgeuse,88.792938991,7.407063995,6.55,27.54,11.3,21.91,2000,0.07054459407799557
3322963871331642624,20.834558,1.2613163,,Betelgeuse,88.792938991,7.407063995,6.55,27.54,11.3,21.91,2000,0.0705466753096157
3322961637948730368,20.310648,0.71587944,,Betelgeuse,88.792938991,7.407063995,6.55,27.54,11.3,21.91,2000,0.07057496386658442
3322964970841577088,18.817553,1.2611847,4376.7324,Betelgeuse,88.792938991,7.407063995,6.55,27.54,11.3,21.91,2000,0.07058017933381024
3322774686609510144,18.853739,1.2687931,4246.238,Betelgeuse,88.792938991,7.407063995,6.55,27.54,11.3,21.91,2000,0.07060783096943858
3322774583531302528,20.042973,1.2293396,,Betelgeuse,88.792938991,7.407063995,6.55,27.54,11.3,21.91,2000,0.07086646163144406
3322963768250760704,19.392876,0.8344917,,Betelgeuse,88.792938991,7.407063995,6.55,27.54,11.3,21.91,2000,0.07088971644290423
3322965211359757952,16.73936,1.351326,4876.5615,Betelgeuse,88.792938991,7.407063995,6.55,27.54,11.3,21.91,2000,0.07090184965055962
3322963768250760576,20.555801,,,Betelgeuse,88.792938991,7.407063995,6.55,27.54,11.3,21.91,2000,0.07094442827371304
3322961981544417792,20.354103,1.4562263,,Betelgeuse,88.792938991,7.407063995,6.55,27.54,11.3,21.91,2000,0.07113136327339095
3322963665175275776,20.789015,,,Betelgeuse,88.792938991,7.407063995,6.55,27.54,11.3,21.91,2000,0.07138705168910309
3322964318008431360,20.656467,,,Betelgeuse,88.792938991,7.407063995,6.55,27.54,11.3,21.91,2000,0.07140507527861086
3322963802610489600,18.281519,1.1087704,4545.8457,Betelgeuse,88.792938991,7.407063995,6.55,27.54,11.3,21.91,2000,0.07142315199632743
3322774033774538240,19.146471,1.5747356,,Betelgeuse,88.792938991,7.407063995,6.55,27.54,11.3,21.91,2000,0.07143123626756505
3322774068137235840,20.525854,1.5077496,,Betelgeuse,88.792938991,7.407063995,6.55,27.54,11.3,21.91,2000,0.07159249952506293
3322963630813534208,20.136248,0.902256,,Betelgeuse,88.792938991,7.407063995,6.55,27.54,11.3,21.91,2000,0.0717028183755467
3322961706669833344,17.06704,1.968811,4232.7275,Betelgeuse,88.792938991,7.407063995,6.55,27.54,11.3,21.91,2000,0.07174946324282365
3322962840539571584,20.76178,2.465681,,Betelgeuse,88.792938991,7.407063995,6.55,27.54,11.3,21.91,2000,0.07177662699576692
3322773861978364672,17.579428,1.1538181,4763.6113,Betelgeuse,88.792938991,7.407063995,6.55,27.54,11.3,21.91,2000,0.0717816940236026
3322774583531304832,20.616056,0.427454,,Betelgeuse,88.792938991,7.407063995,6.55,27.54,11.3,21.91,2000,0.07191863875585515
3322963252854717184,19.282629,0.8392601,,Betelgeuse,88.792938991,7.407063995,6.55,27.54,11.3,21.91,2000,0.07199600380774444
3322964249290419968,17.842491,1.539835,4231.1035,Betelgeuse,88.792938991,7.407063995,6.55,27.54,11.3,21.91,2000,0.0720411198842235
3322962840537871616,19.214848,1.7029743,,Betelgeuse,88.792938991,7.407063995,6.55,27.54,11.3,21.91,2000,0.07208197214953685
3322965073920789888,19.317898,1.0409851,,Betelgeuse,88.792938991,7.407063995,6.55,27.54,11.3,21.91,2000,0.0721678203339648
3322774613597480960,20.16013,1.5419903,,Betelgeuse,88.792938991,7.407063995,6.55,27.54,11.3,21.91,2000,0.0725310391815554
3322962737458661120,19.69651,1.4506416,,Betelgeuse,88.792938991,7.407063995,6.55,27.54,11.3,21.91,2000,0.07262456619068526
3322773999414819584,19.396177,0.99845314,,Betelgeuse,88.792938991,7.407063995,6.55,27.54,11.3,21.91,2000,0.07266156296177666
3322774617892589952,17.123743,1.0166798,5233.767,Betelgeuse,88.792938991,7.407063995,6.55,27.54,11.3,21.91,2000,0.07277991376404805
3322966620110749696,20.078827,1.1727848,,Betelgeuse,88.792938991,7.407063995,6.55,27.54,11.3,21.91,2000,0.07286039994951364
3322966620113590272,18.923027,1.3953171,,Betelgeuse,88.792938991,7.407063995,6.55,27.54,11.3,21.91,2000,0.07293695710553631
3322773930697852032,17.869743,1.4517345,4311.641,Betelgeuse,88.792938991,7.407063995,6.55,27.54,11.3,21.91,2000,0.07297480355923715
3322964146209545600,20.805092,,,Betelgeuse,88.792938991,7.407063995,6.55,27.54,11.3,21.91,2000,0.07302150001408868
3322965073920789760,19.252825,1.6418724,,Betelgeuse,88.792938991,7.407063995,6.55,27.54,11.3,21.91,2000,0.073021962704936
3322956037311383808,18.815088,1.9236469,,Betelgeuse,88.792938991,7.407063995,6.55,27.54,11.3,21.91,2000,0.07303891641344659
3322773965056065536,20.446074,0.43410683,,Betelgeuse,88.792938991,7.407063995,6.55,27.54,11.3,21.91,2000,0.07303987043554275
3322965280080933248,20.36111,0.6708431,,Betelgeuse,88.792938991,7.407063995,6.55,27.54,11.3,21.91,2000,0.0730576175932663
3322962840537871872,18.95731,1.082901,4798.3643,Betelgeuse,88.792938991,7.407063995,6.55,27.54,11.3,21.91,2000,0.07310015746343042
3322963871331642752,20.432371,1.4544258,,Betelgeuse,88.792938991,7.407063995,6.55,27.54,11.3,21.91,2000,0.07312537721804306
3322774480451102080,17.553213,1.2042179,4708.1587,Betelgeuse,88.792938991,7.407063995,6.55,27.54,11.3,21.91,2000,0.0731682527853057
3322773930696322176,20.64733,0.72592545,,Betelgeuse,88.792938991,7.407063995,6.55,27.54,11.3,21.91,2000,0.07328075479430528
3322956037309681792,17.099659,1.3593636,,Betelgeuse,88.792938991,7.407063995,6.55,27.54,11.3,21.91,2000,0.07332101909662031
3322774239933946496,19.947454,1.2453918,,Betelgeuse,88.792938991,7.407063995,6.55,27.54,11.3,21.91,2000,0.0733684747396529
3322774033778165248,18.62758,1.3012428,,Betelgeuse,88.792938991,7.407063995,6.55,27.54,11.3,21.91,2000,0.07359117320379349
3322964249287068672,14.124115,1.0079966,5705.977,Betelgeuse,88.792938991,7.407063995,6.55,27.54,11.3,21.91,2000,0.07359415575406614
3322774033774546176,19.252716,0.99565506,,Betelgeuse,88.792938991,7.407063995,6.55,27.54,11.3,21.91,2000,0.07376617228207762
3322956037309681920,19.982037,1.0386887,,Betelgeuse,88.792938991,7.407063995,6.55,27.54,11.3,21.91,2000,0.07378557772219334
3322773930696320512,20.367945,1.0899792,,Betelgeuse,88.792938991,7.407063995,6.55,27.54,11.3,21.91,2000,0.07385151892455277
3322955826856097024,20.454428,1.1715431,,Betelgeuse,88.792938991,7.407063995,6.55,27.54,11.3,21.91,2000,0.0739900427584385
3322963218496686848,20.622139,0.04932022,,Betelgeuse,88.792938991,7.407063995,6.55,27.54,11.3,21.91,2000,0.07402425260262724
3322963940051116288,20.5511,1.0447655,,Betelgeuse,88.792938991,7.407063995,6.55,27.54,11.3,21.91,2000,0.07409745588397908
3322965039562745984,21.115927,-0.29240227,,Betelgeuse,88.792938991,7.407063995,6.55,27.54,11.3,21.91,2000,0.07410809458052245
3322963940051117056,20.531977,0.65877914,,Betelgeuse,88.792938991,7.407063995,6.55,27.54,11.3,21.91,2000,0.0741466240227849
3322962737461984512,15.776543,1.0647278,,Betelgeuse,88.792938991,7.407063995,6.55,27.54,11.3,21.91,2000,0.07421428125067349
3322966620112634112,20.132248,1.2878666,,Betelgeuse,88.792938991,7.407063995,6.55,27.54,11.3,21.91,2000,0.07455361244660778
3322965142643617408,12.948372,0.8287735,6296.417,Betelgeuse,88.792938991,7.407063995,6.55,27.54,11.3,21.91,2000,0.07458790562894986
3322965245719486592,19.880777,0.92653275,,Betelgeuse,88.792938991,7.407063995,6.55,27.54,11.3,21.91,2000,0.0746172219354401
3322774033774544512,19.200392,1.5340824,,Betelgeuse,88.792938991,7.407063995,6.55,27.54,11.3,21.91,2000,0.07474754680076803
3322773930698951680,20.822104,1.9531059,,Betelgeuse,88.792938991,7.407063995,6.55,27.54,11.3,21.91,2000,0.07475951250020106
3322776164079777664,20.88831,-1.1678066,,Betelgeuse,88.792938991,7.407063995,6.55,27.54,11.3,21.91,2000,0.07480403280228931
3322962737458659840,17.573383,1.1498833,4778.8584,Betelgeuse,88.792938991,7.407063995,6.55,27.54,11.3,21.91,2000,0.07491474637997358
3322774617891039744,20.372879,1.6592045,,Betelgeuse,88.792938991,7.407063995,6.55,27.54,11.3,21.91,2000,0.07498867868623244
3322965142641960192,20.365612,0.7557316,,Betelgeuse,88.792938991,7.407063995,6.55,27.54,11.3,21.91,2000,0.07500185628716895
3322965245721180672,20.671942,-0.25156212,,Betelgeuse,88.792938991,7.407063995,6.55,27.54,11.3,21.91,2000,0.07502669835679648
3322776164078251264,19.149654,1.5283699,,Betelgeuse,88.792938991,7.407063995,6.55,27.54,11.3,21.91,2000,0.07522124155999356
3322965280080929792,20.679502,1.0516663,,Betelgeuse,88.792938991,7.407063995,6.55,27.54,11.3,21.91,2000,0.0752374370892356
3322774239933946368,20.79761,0.90342903,,Betelgeuse,88.792938991,7.407063995,6.55,27.54,11.3,21.91,2000,0.07543006012421533
3322961633651878144,20.912352,-0.17326736,,Betelgeuse,88.792938991,7.407063995,6.55,27.54,11.3,21.91,2000,0.07567864441641645
3322773930696321792,20.729095,0.059696198,,Betelgeuse,88.792938991,7.407063995,6.55,27.54,11.3,21.91,2000,0.07568576860442072
3322773965055082240,19.92648,0.573925,,Betelgeuse,88.792938991,7.407063995,6.55,27.54,11.3,21.91,2000,0.0757132308595951
3322774274292672000,19.88306,1.0241871,,Betelgeuse,88.792938991,7.407063995,6.55,27.54,11.3,21.91,2000,0.07573498335071509
3322774274292669440,17.769339,1.2896652,4460.5933,Betelgeuse,88.792938991,7.407063995,6.55,27.54,11.3,21.91,2000,0.07579798183064906
3322963042401496960,19.564053,1.9768791,,Betelgeuse,88.792938991,7.407063995,6.55,27.54,11.3,21.91,2000,0.0758223372170614
3322774274293662592,20.4483,1.4230919,,Betelgeuse,88.792938991,7.407063995,6.55,27.54,11.3,21.91,2000,0.07589429461756292
3322963046699615872,19.351969,1.2732162,,Betelgeuse,88.792938991,7.407063995,6.55,27.54,11.3,21.91,2000,0.07596132347215671
3322965275783143936,17.064276,1.4741001,4041.4668,Betelgeuse,88.792938991,7.407063995,6.55,27.54,11.3,21.91,2000,0.07599267654793194
3322963046696300928,18.360058,1.1722679,4694.5312,Betelgeuse,88.792938991,7.407063995,6.55,27.54,11.3,21.91,2000,0.07600257768434257
3322963252856420864,20.655203,1.037365,,Betelgeuse,88.792938991,7.407063995,6.55,27.54,11.3,21.91,2000,0.07614111410501115
3322773930695337344,18.16317,1.1985874,4351.5405,Betelgeuse,88.792938991,7.407063995,6.55,27.54,11.3,21.91,2000,0.07615164123979883
3322963042400083072,19.445604,1.3481274,,Betelgeuse,88.792938991,7.407063995,6.55,27.54,11.3,21.91,2000,0.07637924661768948
3322965142643617152,16.31567,1.1523533,5797.797,Betelgeuse,88.792938991,7.407063995,6.55,27.54,11.3,21.91,2000,0.07638061215502223
3322965245723087360,20.86537,0.337368,,Betelgeuse,88.792938991,7.407063995,6.55,27.54,11.3,21.91,2000,0.07641593717689728
3322963046698002816,20.5752,,,Betelgeuse,88.792938991,7.407063995,6.55,27.54,11.3,21.91,2000,0.07645502740868847
3322961637947035520,19.758198,0.99012184,,Betelgeuse,88.792938991,7.407063995,6.55,27.54,11.3,21.91,2000,0.07653159121682404
3322965142640266368,12.226644,0.7320204,6606.3784,Betelgeuse,88.792938991,7.407063995,6.55,27.54,11.3,21.91,2000,0.07655367310194654
3322964249287068288,20.327755,2.045332,,Betelgeuse,88.792938991,7.407063995,6.55,27.54,11.3,21.91,2000,0.07659786307503155
3322774617890035968,19.84537,1.0759583,,Betelgeuse,88.792938991,7.407063995,6.55,27.54,11.3,21.91,2000,0.07664832109879807
3322774033774545920,18.527954,1.273283,4534.4453,Betelgeuse,88.792938991,7.407063995,6.55,27.54,11.3,21.91,2000,0.0766485013063438
3322966723188261248,19.699535,0.7729893,,Betelgeuse,88.792938991,7.407063995,6.55,27.54,11.3,21.91,2000,0.07683371624042365
3322965245719486208,18.735857,1.7473564,3572.6086,Betelgeuse,88.792938991,7.407063995,6.55,27.54,11.3,21.91,2000,0.07685077699704192
3322963802612186624,20.422121,0.86351585,,Betelgeuse,88.792938991,7.407063995,6.55,27.54,11.3,21.91,2000,0.07687374716813153
3322956106029159424,18.762714,1.2387352,4316.828,Betelgeuse,88.792938991,7.407063995,6.55,27.54,11.3,21.91,2000,0.0768842258106569
3322966585749330560,17.660046,0.87584114,5162.9736,Betelgeuse,88.792938991,7.407063995,6.55,27.54,11.3,21.91,2000,0.076903452591761
3322965245721179264,20.187248,1.0079327,,Betelgeuse,88.792938991,7.407063995,6.55,27.54,11.3,21.91,2000,0.076943215208658
3322963046698001664,20.55738,0.27903748,,Betelgeuse,88.792938991,7.407063995,6.55,27.54,11.3,21.91,2000,0.0769438996965666
3322966723189959808,20.189459,0.9128761,,Betelgeuse,88.792938991,7.407063995,6.55,27.54,11.3,21.91,2000,0.07711525950252883
3322774617890035712,18.805737,1.4636459,3851.9043,Betelgeuse,88.792938991,7.407063995,6.55,27.54,11.3,21.91,2000,0.07727896136844134
3322956106029159808,19.690098,0.97421265,,Betelgeuse,88.792938991,7.407063995,6.55,27.54,11.3,21.91,2000,0.07728503045295353
3322774274293663616,20.185055,1.1096344,,Betelgeuse,88.792938991,7.407063995,6.55,27.54,11.3,21.91,2000,0.077385424745797
3322776164079258368,20.998983,-0.35601234,,Betelgeuse,88.792938991,7.407063995,6.55,27.54,11.3,21.91,2000,0.07740590712301329
3322776164080809472,17.014343,1.0827599,4928.8833,Betelgeuse,88.792938991,7.407063995,6.55,27.54,11.3,21.91,2000,0.07753188006956147
3322965069625105792,19.742033,1.0514774,,Betelgeuse,88.792938991,7.407063995,6.55,27.54,11.3,21.91,2000,0.07757143224853606
3322965245719485184,19.851824,0.8667927,,Betelgeuse,88.792938991,7.407063995,6.55,27.54,11.3,21.91,2000,0.07764961537039967
3322963046698144000,20.795815,1.4484844,,Betelgeuse,88.792938991,7.407063995,6.55,27.54,11.3,21.91,2000,0.07778075336914127
3322955831151253760,18.630066,2.2516804,3427.2476,Betelgeuse,88.792938991,7.407063995,6.55,27.54,11.3,21.91,2000,0.0779291298390631
3322774235640512896,19.515673,1.0105057,,Betelgeuse,88.792938991,7.407063995,6.55,27.54,11.3,21.91,2000,0.07793975739959412
3322773857683389824,19.8619,1.4228344,,Betelgeuse,88.792938991,7.407063995,6.55,27.54,11.3,21.91,2000,0.0779474293051523
3322955762433475328,20.590466,1.2896423,,Betelgeuse,88.792938991,7.407063995,6.55,27.54,11.3,21.91,2000,0.07796222832469173
3322964043128639872,17.959192,1.0766754,4822.97,Betelgeuse,88.792938991,7.407063995,6.55,27.54,11.3,21.91,2000,0.07804451563806113
3322774274292676736,18.129047,1.1090336,,Betelgeuse,88.792938991,7.407063995,6.55,27.54,11.3,21.91,2000,0.07808444394926245
3322774617893037568,14.422986,0.95539,6687.6313,Betelgeuse,88.792938991,7.407063995,6.55,27.54,11.3,21.91,2000,0.07818982209326984
3322962806178137600,19.528542,1.0108204,,Betelgeuse,88.792938991,7.407063995,6.55,27.54,11.3,21.91,2000,0.07821761359378311
3322965314442312960,19.607626,1.0721989,,Betelgeuse,88.792938991,7.407063995,6.55,27.54,11.3,21.91,2000,0.07836223643802105
3322964249290418944,16.893372,1.1401634,4758.3345,Betelgeuse,88.792938991,7.407063995,6.55,27.54,11.3,21.91,2000,0.07858093285490603
3322955831151254400,20.193316,1.5554333,,Betelgeuse,88.792938991,7.407063995,6.55,27.54,11.3,21.91,2000,0.07863357491331659
3322966620109056640,17.31233,1.1172886,4882.2427,Betelgeuse,88.792938991,7.407063995,6.55,27.54,11.3,21.91,2000,0.0786813089736572
3322964249290419072,14.1929245,1.4610567,4561.44,Betelgeuse,88.792938991,7.407063995,6.55,27.54,11.3,21.91,2000,0.07873429138365555
3322965142640265344,18.37392,0.9468384,5114.301,Betelgeuse,88.792938991,7.407063995,6.55,27.54,11.3,21.91,2000,0.07894624578029645
3322965314438966272,18.710295,1.3894386,4257.0,Betelgeuse,88.792938991,7.407063995,6.55,27.54,11.3,21.91,2000,0.07902660610559684
3322773930697853440,17.45002,1.0764866,4800.393,Betelgeuse,88.792938991,7.407063995,6.55,27.54,11.3,21.91,2000,0.07917731409737738
3322966585751033472,20.271832,0.32423782,,Betelgeuse,88.792938991,7.407063995,6.55,27.54,11.3,21.91,2000,0.07924903117041533
3322962737460366208,16.641663,1.244791,,Betelgeuse,88.792938991,7.407063995,6.55,27.54,11.3,21.91,2000,0.07928120355886972
3322955831151254912,18.039032,1.3198643,4362.1553,Betelgeuse,88.792938991,7.407063995,6.55,27.54,11.3,21.91,2000,0.07940482075279318
3322963871329949440,19.63862,1.3316078,,Betelgeuse,88.792938991,7.407063995,6.55,27.54,11.3,21.91,2000,0.07941327076881817
3322773827616113920,18.449215,1.0969238,4811.2524,Betelgeuse,88.792938991,7.407063995,6.55,27.54,11.3,21.91,2000,0.07941665721305594
3322966585751034624,20.820011,0.73578644,,Betelgeuse,88.792938991,7.407063995,6.55,27.54,11.3,21.91,2000,0.07943613208969581
3322773896336589056,21.082369,-0.36499023,,Betelgeuse,88.792938991,7.407063995,6.55,27.54,11.3,21.91,2000,0.07947064632279907
3322955762431774720,17.779612,1.21315,4448.156,Betelgeuse,88.792938991,7.407063995,6.55,27.54,11.3,21.91,2000,0.07952240122890725
3322965142640265984,19.87902,1.7288246,,Betelgeuse,88.792938991,7.407063995,6.55,27.54,11.3,21.91,2000,0.07959513572237226
3322773724537890048,20.741604,1.5958939,,Betelgeuse,88.792938991,7.407063995,6.55,27.54,11.3,21.91,2000,0.07961833068718811
3322963218496685696,20.603224,1.7303619,,Betelgeuse,88.792938991,7.407063995,6.55,27.54,11.3,21.91,2000,0.07964972803889168
3322955831151254528,20.11698,0.9122982,,Betelgeuse,88.792938991,7.407063995,6.55,27.54,11.3,21.91,2000,0.07965289856510224
3322773861975842432,19.865665,1.5377579,,Betelgeuse,88.792938991,7.407063995,6.55,27.54,11.3,21.91,2000,0.07980338148102584
3322964249289038720,21.052132,1.7150002,,Betelgeuse,88.792938991,7.407063995,6.55,27.54,11.3,21.91,2000,0.07982168255689416
3322964038832360960,14.962443,1.375433,5338.5337,Betelgeuse,88.792938991,7.407063995,6.55,27.54,11.3,21.91,2000,0.07985689756698168
3322963218496691968,20.56524,1.5322342,,Betelgeuse,88.792938991,7.407063995,6.55,27.54,11.3,21.91,2000,0.07988036519106147
3322965142643616768,17.830927,1.1028309,4837.9,Betelgeuse,88.792938991,7.407063995,6.55,27.54,11.3,21.91,2000,0.0800024138547177
3322956037313221376,19.938715,1.2023449,,Betelgeuse,88.792938991,7.407063995,6.55,27.54,11.3,21.91,2000,0.08002702400067616
3322773896338118400,14.823283,0.85504246,7481.5894,Betelgeuse,88.792938991,7.407063995,6.55,27.54,11.3,21.91,2000,0.08006563327975498
3322773930695337088,19.16965,1.3418846,,Betelgeuse,88.792938991,7.407063995,6.55,27.54,11.3,21.91,2000,0.08007988899404353
3322962801881904512,20.923918,0.39958954,,Betelgeuse,88.792938991,7.407063995,6.55,27.54,11.3,21.91,2000,0.08017250506795312
3322774377371882240,18.509825,0.5949669,4803.451,Betelgeuse,88.792938991,7.407063995,6.55,27.54,11.3,21.91,2000,0.08028822969985304
3322962737460366336,19.929995,0.7780857,,Betelgeuse,88.792938991,7.407063995,6.55,27.54,11.3,21.91,2000,0.08029385461121817
3322964249287065984,19.075695,1.9221516,,Betelgeuse,88.792938991,7.407063995,6.55,27.54,11.3,21.91,2000,0.08029512956387272
3322968230720648448,15.9247265,1.0493546,5692.7266,Betelgeuse,88.792938991,7.407063995,6.55,27.54,11.3,21.91,2000,0.08045358874970214
3322776095359782784,20.893948,0.08866882,,Betelgeuse,88.792938991,7.407063995,6.55,27.54,11.3,21.91,2000,0.08045979667051989
3322774377371878784,18.163713,1.1740818,4444.3237,Betelgeuse,88.792938991,7.407063995,6.55,27.54,11.3,21.91,2000,0.0805539919618585
3322773896336588288,20.485685,0.8530941,,Betelgeuse,88.792938991,7.407063995,6.55,27.54,11.3,21.91,2000,0.08061531934947014
3322966620109051904,19.035427,1.2623291,,Betelgeuse,88.792938991,7.407063995,6.55,27.54,11.3,21.91,2000,0.08063063274133009
3322966620110750848,20.590212,1.8897896,,Betelgeuse,88.792938991,7.407063995,6.55,27.54,11.3,21.91,2000,0.08073638016306064
3322963252854717952,18.056715,1.0847969,,Betelgeuse,88.792938991,7.407063995,6.55,27.54,11.3,21.91,2000,0.080781644115723
3322963871329949568,17.900625,1.8405247,3681.247,Betelgeuse,88.792938991,7.407063995,6.55,27.54,11.3,21.91,2000,0.08081796643968006
3322966207792215040,17.406803,0.96413994,5140.724,Betelgeuse,88.792938991,7.407063995,6.55,27.54,11.3,21.91,2000,0.08082912688479814
3322956106030862976,20.873102,-0.6316471,,Betelgeuse,88.792938991,7.407063995,6.55,27.54,11.3,21.91,2000,0.0808310083103459
3322963252858031872,17.011396,0.97328377,5298.181,Betelgeuse,88.792938991,7.407063995,6.55,27.54,11.3,21.91,2000,0.08087064246982438
3322774235640513280,15.798633,1.4259634,5542.199,Betelgeuse,88.792938991,7.407063995,6.55,27.54,11.3,21.91,2000,0.08087098192931064
3322963214198785152,18.737316,1.1511116,4513.524,Betelgeuse,88.792938991,7.407063995,6.55,27.54,11.3,21.91,2000,0.0808970738189493
3322955758135494528,19.526072,2.0120087,,Betelgeuse,88.792938991,7.407063995,6.55,27.54,11.3,21.91,2000,0.08089779684028084
3322963871329949952,19.05041,1.1100235,,Betelgeuse,88.792938991,7.407063995,6.55,27.54,11.3,21.91,2000,0.08090340208447139
3322964318008233856,20.048742,0.7660847,,Betelgeuse,88.792938991,7.407063995,6.55,27.54,11.3,21.91,2000,0.08104018626608697
3322773827616107136,19.621092,0.892601,,Betelgeuse,88.792938991,7.407063995,6.55,27.54,11.3,21.91,2000,0.08105040368762911
3322773960762408832,17.413284,1.0815144,4943.039,Betelgeuse,88.792938991,7.407063995,6.55,27.54,11.3,21.91,2000,0.0812793050063254
3322965314438967296,19.891647,0.5765476,,Betelgeuse,88.792938991,7.407063995,6.55,27.54,11.3,21.91,2000,0.08132309170115662
3322966757547994496,19.473911,1.1906357,,Betelgeuse,88.792938991,7.407063995,6.55,27.54,11.3,21.91,2000,0.0813569233597851
3322955762435100928,16.024994,1.1100426,6059.88,Betelgeuse,88.792938991,7.407063995,6.55,27.54,11.3,21.91,2000,0.08139510685512778
3322966585752649984,16.32389,1.4711189,4585.921,Betelgeuse,88.792938991,7.407063995,6.55,27.54,11.3,21.91,2000,0.08141933779413736
3322963115419092480,16.248116,1.0940399,5382.78,Betelgeuse,88.792938991,7.407063995,6.55,27.54,11.3,21.91,2000,0.08142795622186952
3322963218496686080,19.691393,0.6609707,,Betelgeuse,88.792938991,7.407063995,6.55,27.54,11.3,21.91,2000,0.08150411896080437
3322966718892146176,17.29054,1.0848083,4954.3354,Betelgeuse,88.792938991,7.407063995,6.55,27.54,11.3,21.91,2000,0.08152110188291666
3322773724537890944,20.21297,0.86735725,,Betelgeuse,88.792938991,7.407063995,6.55,27.54,11.3,21.91,2000,0.08154204162908706
3322963871329948928,19.892393,1.2358208,,Betelgeuse,88.792938991,7.407063995,6.55,27.54,11.3,21.91,2000,0.08155199791320532
3322773960762520960,20.12808,0.34552765,,Betelgeuse,88.792938991,7.407063995,6.55,27.54,11.3,21.91,2000,0.08163052455612022
3322964249287065728,19.263027,1.4243279,,Betelgeuse,88.792938991,7.407063995,6.55,27.54,11.3,21.91,2000,0.08166185256003067
3322964249287066368,19.335852,1.8955059,,Betelgeuse,88.792938991,7.407063995,6.55,27.54,11.3,21.91,2000,0.08174163485465472
3322955831154791296,16.002352,1.175147,4909.3267,Betelgeuse,88.792938991,7.407063995,6.55,27.54,11.3,21.91,2000,0.08175345653216763
3322966753251689984,14.9499655,0.979496,,Betelgeuse,88.792938991,7.407063995,6.55,27.54,11.3,21.91,2000,0.08178261687343452
3322966207792216448,19.174618,1.4479046,,Betelgeuse,88.792938991,7.407063995,6.55,27.54,11.3,21.91,2000,0.08185053380551108
3322965344503018624,19.61303,0.99951935,,Betelgeuse,88.792938991,7.407063995,6.55,27.54,11.3,21.91,2000,0.08185083904276205
3322956037311387648,20.319958,0.49500275,,Betelgeuse,88.792938991,7.407063995,6.55,27.54,11.3,21.91,2000,0.08191754393905001
3322963218496689280,20.416954,0.70861053,,Betelgeuse,88.792938991,7.407063995,6.55,27.54,11.3,21.91,2000,0.08209926758487018
3322774377374424704,13.597346,0.9874573,5227.2773,Betelgeuse,88.792938991,7.407063995,6.55,27.54,11.3,21.91,2000,0.08215978926474211
3322962806178139904,19.42893,,,Betelgeuse,88.792938991,7.407063995,6.55,27.54,11.3,21.91,2000,0.08241135546822217
3322774274292674560,19.342257,,,Betelgeuse,88.792938991,7.407063995,6.55,27.54,11.3,21.91,2000,0.08241447811486126
3322963970113465216,18.469524,1.0987053,4971.175,Betelgeuse,88.792938991,7.407063995,6.55,27.54,11.3,21.91,2000,0.0824297919277384
3322962806178139776,18.575151,1.0527344,,Betelgeuse,88.792938991,7.407063995,6.55,27.54,11.3,21.91,2000,0.0824633623279078
3322966207792217472,19.119705,1.5290546,,Betelgeuse,88.792938991,7.407063995,6.55,27.54,11.3,21.91,2000,0.08250992246044367
3322774377374425728,17.501677,1.2385197,4769.169,Betelgeuse,88.792938991,7.407063995,6.55,27.54,11.3,21.91,2000,0.08255546378465851
3322774274292674432,18.581015,0.678669,,Betelgeuse,88.792938991,7.407063995,6.55,27.54,11.3,21.91,2000,0.08263029266201048
3322964043130327808,20.495243,2.0899715,,Betelgeuse,88.792938991,7.407063995,6.55,27.54,11.3,21.91,2000,0.08276222003744806
3322956861943405312,19.092524,2.2196217,,Betelgeuse,88.792938991,7.407063995,6.55,27.54,11.3,21.91,2000,0.08277499535731347
3322956861945107584,20.631695,0.5409374,,Betelgeuse,88.792938991,7.407063995,6.55,27.54,11.3,21.91,2000,0.08307143284383305
3322963871331638528,20.967428,0.50224876,,Betelgeuse,88.792938991,7.407063995,6.55,27.54,11.3,21.91,2000,0.08309049504382263
3322956037311387904,20.46899,0.9807167,,Betelgeuse,88.792938991,7.407063995,6.55,27.54,11.3,21.91,2000,0.08309463252031177
3322776095359783936,21.092976,1.5716782,,Betelgeuse,88.792938991,7.407063995,6.55,27.54,11.3,21.91,2000,0.08318856284656574
3322963012336566656,17.923353,1.1640778,,Betelgeuse,88.792938991,7.407063995,6.55,27.54,11.3,21.91,2000,0.08319023176454841
3322773930697854720,17.200165,1.1052971,5136.4644,Betelgeuse,88.792938991,7.407063995,6.55,27.54,11.3,21.91,2000,0.08329275662881679
